,SK_ID_CURR,TARGET,NAME_CONTRACT_TYPE,CODE_GENDER,FLAG_OWN_CAR,FLAG_OWN_REALTY,CNT_CHILDREN,AMT_INCOME_TOTAL,AMT_CREDIT,AMT_ANNUITY,AMT_GOODS_PRICE,NAME_TYPE_SUITE,NAME_INCOME_TYPE,NAME_EDUCATION_TYPE,NAME_FAMILY_STATUS,NAME_HOUSING_TYPE,REGION_POPULATION_RELATIVE,DAYS_BIRTH,DAYS_EMPLOYED,DAYS_REGISTRATION,DAYS_ID_PUBLISH,OWN_CAR_AGE,FLAG_MOBIL,FLAG_EMP_PHONE,FLAG_WORK_PHONE,FLAG_CONT_MOBILE,FLAG_PHONE,FLAG_EMAIL,OCCUPATION_TYPE,CNT_FAM_MEMBERS,REGION_RATING_CLIENT,REGION_RATING_CLIENT_W_CITY,WEEKDAY_APPR_PROCESS_START,HOUR_APPR_PROCESS_START,REG_REGION_NOT_LIVE_REGION,REG_REGION_NOT_WORK_REGION,LIVE_REGION_NOT_WORK_REGION,REG_CITY_NOT_LIVE_CITY,REG_CITY_NOT_WORK_CITY,LIVE_CITY_NOT_WORK_CITY,ORGANIZATION_TYPE,EXT_SOURCE_1,EXT_SOURCE_2,EXT_SOURCE_3,APARTMENTS_AVG,BASEMENTAREA_AVG,YEARS_BEGINEXPLUATATION_AVG,YEARS_BUILD_AVG,COMMONAREA_AVG,ELEVATORS_AVG,ENTRANCES_AVG,FLOORSMAX_AVG,FLOORSMIN_AVG,LANDAREA_AVG,LIVINGAPARTMENTS_AVG,LIVINGAREA_AVG,NONLIVINGAPARTMENTS_AVG,NONLIVINGAREA_AVG,APARTMENTS_MODE,BASEMENTAREA_MODE,YEARS_BEGINEXPLUATATION_MODE,YEARS_BUILD_MODE,COMMONAREA_MODE,ELEVATORS_MODE,ENTRANCES_MODE,FLOORSMAX_MODE,FLOORSMIN_MODE,LANDAREA_MODE,LIVINGAPARTMENTS_MODE,LIVINGAREA_MODE,NONLIVINGAPARTMENTS_MODE,NONLIVINGAREA_MODE,APARTMENTS_MEDI,BASEMENTAREA_MEDI,YEARS_BEGINEXPLUATATION_MEDI,YEARS_BUILD_MEDI,COMMONAREA_MEDI,ELEVATORS_MEDI,ENTRANCES_MEDI,FLOORSMAX_MEDI,FLOORSMIN_MEDI,LANDAREA_MEDI,LIVINGAPARTMENTS_MEDI,LIVINGAREA_MEDI,NONLIVINGAPARTMENTS_MEDI,NONLIVINGAREA_MEDI,FONDKAPREMONT_MODE,HOUSETYPE_MODE,TOTALAREA_MODE,WALLSMATERIAL_MODE,EMERGENCYSTATE_MODE,OBS_30_CNT_SOCIAL_CIRCLE,DEF_30_CNT_SOCIAL_CIRCLE,OBS_60_CNT_SOCIAL_CIRCLE,DEF_60_CNT_SOCIAL_CIRCLE,DAYS_LAST_PHONE_CHANGE,FLAG_DOCUMENT_2,FLAG_DOCUMENT_3,FLAG_DOCUMENT_4,FLAG_DOCUMENT_5,FLAG_DOCUMENT_6,FLAG_DOCUMENT_7,FLAG_DOCUMENT_8,FLAG_DOCUMENT_9,FLAG_DOCUMENT_10,FLAG_DOCUMENT_11,FLAG_DOCUMENT_12,FLAG_DOCUMENT_13,FLAG_DOCUMENT_14,FLAG_DOCUMENT_15,FLAG_DOCUMENT_16,FLAG_DOCUMENT_17,FLAG_DOCUMENT_18,FLAG_DOCUMENT_19,FLAG_DOCUMENT_20,FLAG_DOCUMENT_21,AMT_REQ_CREDIT_BUREAU_HOUR,AMT_REQ_CREDIT_BUREAU_DAY,AMT_REQ_CREDIT_BUREAU_WEEK,AMT_REQ_CREDIT_BUREAU_MON,AMT_REQ_CREDIT_BUREAU_QRT,AMT_REQ_CREDIT_BUREAU_YEAR,POS - Retard moyen de paiement en jours,POS - Durée moyenne des crédits précédents,POS - Nombre de mensualités restantes,POS - Montant des dettes restantes,Nombre de crédits actifs,Nombre de crédits remboursés,bureau - Nombre de jours depuis la dernière demande,bureau - Nombre de fois ou le crédit a été prolongé,bureau - Montant crédits en cours,bureau - Montant des dettes actuelles,bureau - Montant actuel en souffrance,CB - Solde,CB - Limite,CB - Montant payé par le client,CB - Nombre de retraits,Previous - Montant demandé moyen,Previous - Taux dinteret précédent moyen,IP - Retard moyen des paiements,IP - Paiement en souffrance moyen
0,100002,1,Cash loans,M,N,Y,0,202500.0,406597.5,24700.5,351000.0,Unaccompanied,Working,Secondary / secondary special,Single / not married,House / apartment,0.018801,-9461,-637,-3648.0,-2120,,1,1,0,1,1,0,Laborers,1.0,2,2,WEDNESDAY,10,0,0,0,0,0,0,Business Entity Type 3,0.0830369673913225,0.2629485927471776,0.1393757800997895,0.0247,0.0369,0.9722,0.6192,0.0143,0.0,0.069,0.0833,0.125,0.0369,0.0202,0.019,0.0,0.0,0.0252,0.0383,0.9722,0.6341,0.0144,0.0,0.069,0.0833,0.125,0.0377,0.022,0.0198,0.0,0.0,0.025,0.0369,0.9722,0.6243,0.0144,0.0,0.069,0.0833,0.125,0.0375,0.0205,0.0193,0.0,0.0,reg oper account,block of flats,0.0149,"Stone, brick",No,2.0,2.0,2.0,2.0,-1134.0,0,1,0,0,0,0,0,0,0,0,0,0,0,0,0,0,0,0,0,0,0.0,0.0,0.0,0.0,0.0,1.0,0.0,24.0,6.0,0.0,2.0,6.0,-1437.0,0.0,865055.565,245781.0,0.0,,,,,179055.0,,20.42105263157895,0.0
1,100003,0,Cash loans,F,N,N,0,270000.0,1293502.5,35698.5,1129500.0,Family,State servant,Higher education,Married,House / apartment,0.0035409999999999,-16765,-1188,-1186.0,-291,,1,1,0,1,1,0,Core staff,2.0,1,1,MONDAY,11,0,0,0,0,0,0,School,0.3112673113812225,0.6222457752555098,,0.0959,0.0529,0.9851,0.7959999999999999,0.0605,0.08,0.0345,0.2917,0.3333,0.013,0.0773,0.0549,0.0039,0.0098,0.0924,0.0538,0.9851,0.804,0.0497,0.0806,0.0345,0.2917,0.3333,0.0128,0.079,0.0554,0.0,0.0,0.0968,0.0529,0.9851,0.7987,0.0608,0.08,0.0345,0.2917,0.3333,0.0132,0.0787,0.0558,0.0039,0.01,reg oper account,block of flats,0.0714,Block,No,1.0,0.0,1.0,0.0,-828.0,0,1,0,0,0,0,0,0,0,0,0,0,0,0,0,0,0,0,0,0,0.0,0.0,0.0,0.0,0.0,0.0,,,,,1.0,3.0,-2586.0,0.0,1017400.5,0.0,0.0,,,,,435436.5,,7.448412698412699,0.0
2,100004,0,Revolving loans,M,Y,Y,0,67500.0,135000.0,6750.0,135000.0,Unaccompanied,Working,Secondary / secondary special,Single / not married,House / apartment,0.010032,-19046,-225,-4260.0,-2531,26.0,1,1,1,1,1,0,Laborers,1.0,2,2,MONDAY,9,0,0,0,0,0,0,Government,,0.5559120833904428,0.7295666907060153,,,,,,,,,,,,,,,,,,,,,,,,,,,,,,,,,,,,,,,,,,,,,,,,0.0,0.0,0.0,0.0,-815.0,0,0,0,0,0,0,0,0,0,0,0,0,0,0,0,0,0,0,0,0,0.0,0.0,0.0,0.0,0.0,0.0,,,,,,2.0,-1326.0,0.0,189037.8,0.0,0.0,,,,,24282.0,,7.666666666666667,0.0
3,100006,0,Cash loans,F,N,Y,0,135000.0,312682.5,29686.5,297000.0,Unaccompanied,Working,Secondary / secondary special,Civil marriage,House / apartment,0.008019,-19005,-3039,-9833.0,-2437,,1,1,0,1,0,0,Laborers,2.0,2,2,WEDNESDAY,17,0,0,0,0,0,0,Business Entity Type 3,,0.6504416904014653,,,,,,,,,,,,,,,,,,,,,,,,,,,,,,,,,,,,,,,,,,,,,,,,,2.0,0.0,2.0,0.0,-617.0,0,1,0,0,0,0,0,0,0,0,0,0,0,0,0,0,0,0,0,0,,,,,,,0.0,12.0,3.0,0.0,,,,,,,,0.0,270000.0,0.0,0.0,272203.26,,25.3,0.0
4,100007,0,Cash loans,M,N,Y,0,121500.0,513000.0,21865.5,513000.0,Unaccompanied,Working,Secondary / secondary special,Single / not married,House / apartment,0.028663,-19932,-3038,-4311.0,-3458,,1,1,0,1,0,0,Core staff,1.0,2,2,THURSDAY,11,0,0,0,0,1,1,Religion,,0.3227382869704046,,,,,,,,,,,,,,,,,,,,,,,,,,,,,,,,,,,,,,,,,,,,,,,,,0.0,0.0,0.0,0.0,-1106.0,0,0,0,0,0,0,1,0,0,0,0,0,0,0,0,0,0,0,0,0,0.0,0.0,0.0,0.0,0.0,0.0,0.0,24.0,13.0,0.0,,1.0,-1149.0,0.0,146250.0,0.0,0.0,,,,,150530.25,,2.887220426632191,451.4555274725275
5,100008,0,Cash loans,M,N,Y,0,99000.0,490495.5,27517.5,454500.0,"Spouse, partner",State servant,Secondary / secondary special,Married,House / apartment,0.035792,-16941,-1588,-4970.0,-477,,1,1,1,1,1,0,Laborers,2.0,2,2,WEDNESDAY,16,0,0,0,0,0,0,Other,,0.3542247319929012,0.6212263380626669,,,,,,,,,,,,,,,,,,,,,,,,,,,,,,,,,,,,,,,,,,,,,,,,0.0,0.0,0.0,0.0,-2536.0,0,1,0,0,0,0,0,0,0,0,0,0,0,0,0,0,0,0,0,0,0.0,0.0,0.0,0.0,1.0,1.0,,,,,1.0,2.0,-1097.0,0.0,468445.5,240057.0,0.0,,,,,155701.8,,-17.070075757575758,272.41261363636363
6,100009,0,Cash loans,F,Y,Y,1,171000.0,1560726.0,41301.0,1395000.0,Unaccompanied,Commercial associate,Higher education,Married,House / apartment,0.035792,-13778,-3130,-1213.0,-619,17.0,1,1,0,1,1,0,Accountants,3.0,2,2,SUNDAY,16,0,0,0,0,0,0,Business Entity Type 3,0.7747614130547695,0.7239998516953141,0.4920600938649263,,,,,,,,,,,,,,,,,,,,,,,,,,,,,,,,,,,,,,,,,,,,,,,,1.0,0.0,1.0,0.0,-1562.0,0,0,0,0,0,0,1,0,0,0,0,0,1,0,0,0,0,0,0,0,0.0,0.0,0.0,1.0,1.0,2.0,0.0,10.0,9.0,0.0,4.0,14.0,-2882.0,0.0,4800811.5,1077349.5,0.0,,,,,76741.71428571429,,9.673809523809524,0.0
7,100010,0,Cash loans,M,Y,Y,0,360000.0,1530000.0,42075.0,1530000.0,Unaccompanied,State servant,Higher education,Married,House / apartment,0.0031219999999999,-18850,-449,-4597.0,-2379,8.0,1,1,1,1,0,0,Managers,2.0,3,3,MONDAY,16,0,0,0,0,1,1,Other,,0.7142792864482229,0.5406544504453575,,,,,,,,,,,,,,,,,,,,,,,,,,,,,,,,,,,,,,,,,,,,,,,,2.0,0.0,2.0,0.0,-1070.0,0,1,0,0,0,0,0,0,0,0,0,0,0,0,0,0,0,0,0,0,0.0,0.0,0.0,0.0,0.0,0.0,,,,,1.0,1.0,-2741.0,0.0,990000.0,348007.5,0.0,,,,,247212.0,,11.9,0.0
8,100011,0,Cash loans,F,N,Y,0,112500.0,1019610.0,33826.5,913500.0,Children,Pensioner,Secondary / secondary special,Married,House / apartment,0.018634,-20099,365243,-7427.0,-3514,,1,0,0,1,0,0,,2.0,2,2,WEDNESDAY,14,0,0,0,0,0,0,XNA,0.5873340468730377,0.2057472880073281,0.7517237147741489,,,,,,,,,,,,,,,,,,,,,,,,,,,,,,,,,,,,,,,,,,,,,,,,1.0,0.0,1.0,0.0,0.0,0,1,0,0,0,0,0,0,0,0,0,0,0,0,0,0,0,0,0,0,0.0,0.0,0.0,0.0,0.0,1.0,,,,,,4.0,-2508.0,0.0,435228.3,0.0,0.0,,,,,202732.875,,-14.736723565670934,3405.341089030206
9,100012,0,Revolving loans,M,N,Y,0,135000.0,405000.0,20250.0,405000.0,Unaccompanied,Working,Secondary / secondary special,Single / not married,House / apartment,0.0196889999999999,-14469,-2019,-14437.0,-3992,,1,1,0,1,0,0,Laborers,1.0,2,2,THURSDAY,8,0,0,0,0,0,0,Electricity,,0.7466436294590924,,,,,,,,,,,,,,,,,,,,,,,,,,,,,,,,,,,,,,,,,,,,,,,,,2.0,0.0,2.0,0.0,-1673.0,0,0,0,0,0,0,0,0,0,0,0,0,0,0,0,0,0,0,0,0,,,,,,,,,,,,,,,,,,,,,,60930.0,,22.39432789432789,-1168.674278846154
10,100014,0,Cash loans,F,N,Y,1,112500.0,652500.0,21177.0,652500.0,Unaccompanied,Working,Higher education,Married,House / apartment,0.0228,-10197,-679,-4427.0,-738,,1,1,0,1,0,0,Core staff,3.0,2,2,SATURDAY,15,0,0,0,0,0,0,Medicine,0.3197601716755032,0.6518623334244781,0.363945238612397,,,,,,,,,,,,,,,,,,,,,,,,,,,,,,,,,,,,,,,,,,,,,,,,0.0,0.0,0.0,0.0,-844.0,0,1,0,0,0,0,0,0,0,0,0,0,0,0,0,0,0,0,0,0,0.0,0.0,0.0,1.0,0.0,0.0,0.0,6.0,4.0,0.0,2.0,6.0,-2308.0,0.0,2729932.425,758214.0,0.0,,,,,96536.25,,7.897058823529412,1700.505
11,100015,0,Cash loans,F,N,Y,0,38419.155,148365.0,10678.5,135000.0,Children,Pensioner,Secondary / secondary special,Married,House / apartment,0.015221,-20417,365243,-5246.0,-2512,,1,0,0,1,1,0,,2.0,2,2,FRIDAY,7,0,0,0,0,0,0,XNA,0.7220444501416448,0.5551831615131809,0.6528965519806539,,,,,,,,,,,,,,,,,,,,,,,,,,,,,,,,,,,,,,,,,,,,,,,,0.0,0.0,0.0,0.0,-2396.0,0,0,0,0,1,0,0,0,0,0,0,0,0,0,0,0,0,0,0,0,0.0,0.0,0.0,0.0,0.0,2.0,,,,,,4.0,-1409.0,0.0,409495.5,0.0,0.0,,,,,68850.0,,12.9,0.0
12,100016,0,Cash loans,F,N,Y,0,67500.0,80865.0,5881.5,67500.0,Unaccompanied,Working,Secondary / secondary special,Married,House / apartment,0.031329,-13439,-2717,-311.0,-3227,,1,1,1,1,1,0,Laborers,2.0,2,2,FRIDAY,10,0,0,0,0,0,0,Business Entity Type 2,0.4648311169632833,0.7150418188660659,0.1766525794312139,0.0825,,0.9811,,,0.0,0.2069,0.1667,,0.0135,,0.0778,,0.0,0.084,,0.9811,,,0.0,0.2069,0.1667,,0.0138,,0.081,,0.0,0.0833,,0.9811,,,0.0,0.2069,0.1667,,0.0137,,0.0792,,0.0,reg oper account,block of flats,0.0612,,No,0.0,0.0,0.0,0.0,-2370.0,0,1,0,0,0,0,0,0,0,0,0,0,0,0,0,0,0,0,0,0,0.0,0.0,0.0,1.0,0.0,0.0,,,,,4.0,3.0,-1634.0,0.0,474984.0,63724.5,0.0,,,,,120745.125,,1.396072796934866,1997.3048275862066
13,100017,0,Cash loans,M,Y,N,1,225000.0,918468.0,28966.5,697500.0,Unaccompanied,Working,Secondary / secondary special,Married,House / apartment,0.016612,-14086,-3028,-643.0,-4911,23.0,1,1,0,1,0,0,Drivers,3.0,2,2,THURSDAY,13,0,0,0,0,0,0,Self-employed,,0.5669066132460429,0.7700870700124128,0.1474,0.0973,0.9806,0.7348,0.0582,0.16,0.1379,0.3333,0.375,0.0931,0.1202,0.1397,0.0,0.0,0.1502,0.101,0.9806,0.7452,0.0587,0.1611,0.1379,0.3333,0.375,0.0952,0.1313,0.1456,0.0,0.0,0.1489,0.0973,0.9806,0.7383,0.0585,0.16,0.1379,0.3333,0.375,0.0947,0.1223,0.1422,0.0,0.0,reg oper account,block of flats,0.1417,Panel,No,0.0,0.0,0.0,0.0,-4.0,0,1,0,0,0,0,0,0,0,0,0,0,0,0,0,0,0,0,0,0,0.0,0.0,0.0,0.0,0.0,1.0,0.0,24.0,5.0,0.0,,6.0,-2881.0,0.0,859770.0,0.0,0.0,,,,,176665.5,,10.0,0.0
14,100018,0,Cash loans,F,N,Y,0,189000.0,773680.5,32778.0,679500.0,Unaccompanied,Working,Secondary / secondary special,Married,House / apartment,0.010006,-14583,-203,-615.0,-2056,,1,1,0,1,0,0,Laborers,2.0,2,1,MONDAY,9,0,0,0,0,0,0,Transport: type 2,0.7219397686622343,0.6426562048311103,,0.3495,0.1335,0.9985,0.9796,0.1143,0.4,0.1724,0.6667,0.7083,0.1758,0.2849,0.3774,0.0193,0.1001,0.3561,0.1386,0.9985,0.9804,0.1153,0.4028,0.1724,0.6667,0.7083,0.1798,0.3113,0.3932,0.0195,0.106,0.3529,0.1335,0.9985,0.9799,0.115,0.4,0.1724,0.6667,0.7083,0.1789,0.2899,0.3842,0.0194,0.1022,reg oper account,block of flats,0.3811,Panel,No,0.0,0.0,0.0,0.0,-188.0,0,1,0,0,0,0,0,0,0,0,0,0,0,0,0,0,0,0,0,0,,,,,,,,,,,,,,,,,,,,,,298363.46625,,8.512698412698413,0.0
15,100019,0,Cash loans,M,Y,Y,0,157500.0,299772.0,20160.0,247500.0,Family,Working,Secondary / secondary special,Single / not married,Rented apartment,0.020713,-8728,-1157,-3494.0,-1368,17.0,1,1,0,1,0,0,Laborers,1.0,3,3,SATURDAY,6,0,0,0,1,1,0,Business Entity Type 2,0.1156343372622997,0.34663398139668,0.6785676886853644,,,,,,,,,,,,,,,,,,,,,,,,,,,,,,,,,,,,,,,,,,,,,,,,0.0,0.0,0.0,0.0,-925.0,0,0,0,0,0,0,1,0,0,0,0,0,0,0,0,0,0,0,0,0,0.0,0.0,0.0,0.0,0.0,1.0,,,,,2.0,,-495.0,0.0,720000.0,245470.14,0.0,,,,,84136.5,,30.5,-5546.16
16,100020,0,Cash loans,M,N,N,0,108000.0,509602.5,26149.5,387000.0,Unaccompanied,Working,Secondary / secondary special,Married,House / apartment,0.018634,-12931,-1317,-6392.0,-3866,,1,1,0,1,0,0,Drivers,2.0,2,2,THURSDAY,12,0,0,0,1,1,0,Government,,0.2363778398884225,0.0621030378372968,,,,,,,,,,,,,,,,,,,,,,,,,,,,,,,,,,,,,,,,,,,,,,,,0.0,0.0,0.0,0.0,-3.0,0,1,0,0,0,0,0,0,0,0,0,0,0,0,0,0,0,0,0,0,0.0,0.0,0.0,0.0,1.0,0.0,,,,,2.0,2.0,-492.0,0.0,199485.0,123088.5,0.0,,,,,39206.25,,8.5,0.0
17,100021,0,Revolving loans,F,N,Y,1,81000.0,270000.0,13500.0,270000.0,Unaccompanied,Working,Secondary / secondary special,Married,House / apartment,0.010966,-9776,-191,-4143.0,-2427,,1,1,0,1,0,0,Laborers,3.0,2,2,MONDAY,10,0,0,0,1,1,0,Construction,,0.6835133461914255,,,,,,,,,,,,,,,,,,,,,,,,,,,,,,,,,,,,,,,,,,,,,,,,,4.0,0.0,4.0,0.0,-2811.0,0,0,0,0,0,0,0,0,0,0,0,0,0,0,0,0,0,0,0,0,,,,,,,,,,,,,,,,,,,,,,40961.25,,11.78125,0.0
18,100022,0,Revolving loans,F,N,Y,0,112500.0,157500.0,7875.0,157500.0,Other_A,Working,Secondary / secondary special,Widow,House / apartment,0.04622,-17718,-7804,-8751.0,-1259,,1,1,0,1,1,0,Laborers,1.0,1,1,FRIDAY,13,0,0,0,0,0,0,Housing,,0.7064284028871654,0.5567274263630174,0.0278,0.0617,0.9881,0.8368,0.0018,0.0,0.1034,0.0833,0.125,0.0279,0.0227,0.029,0.0,0.0,0.0284,0.064,0.9881,0.8432,0.0018,0.0,0.1034,0.0833,0.125,0.0286,0.0248,0.0302,0.0,0.0,0.0281,0.0617,0.9881,0.8390000000000001,0.0018,0.0,0.1034,0.0833,0.125,0.0284,0.0231,0.0295,0.0,0.0,reg oper account,block of flats,0.0238,"Stone, brick",No,8.0,0.0,8.0,0.0,-239.0,0,1,0,0,0,0,0,0,0,0,0,0,0,0,0,0,0,0,0,0,0.0,0.0,0.0,0.0,0.0,0.0,,,,,2.0,,-385.0,0.0,1057500.0,205276.5,0.0,,,,,89091.0,,23.428571428571427,0.0
19,100023,0,Cash loans,F,N,Y,1,90000.0,544491.0,17563.5,454500.0,Unaccompanied,State servant,Higher education,Single / not married,House / apartment,0.015221,-11348,-2038,-1021.0,-3964,,1,1,1,1,1,0,Core staff,2.0,2,2,MONDAY,12,0,0,0,0,0,0,Kindergarten,,0.5866171400119664,0.4776491548517548,,,,,,,,,,,,,,,,,,,,,,,,,,,,,,,,,,,,,,,,,,,,,,,,0.0,0.0,0.0,0.0,-1850.0,0,1,0,0,0,0,0,0,0,0,0,0,0,0,0,0,0,0,0,0,0.0,0.0,0.0,0.0,0.0,2.0,,,,,4.0,9.0,-2624.0,0.0,1645692.345,137038.5,0.0,,,,,98746.875,,14.613095238095239,0.0
20,100024,0,Revolving loans,M,Y,Y,0,135000.0,427500.0,21375.0,427500.0,Unaccompanied,Working,Secondary / secondary special,Married,House / apartment,0.015221,-18252,-4286,-298.0,-1800,7.0,1,1,0,1,0,0,Laborers,2.0,2,2,FRIDAY,13,0,0,0,0,0,0,Self-employed,0.5656548824667073,0.113374512719927,,0.0722,0.0801,0.9781,0.7008,,0.0,0.1379,0.1667,0.0417,0.0534,0.0588,0.0619,0.0,0.0,0.0735,0.0831,0.9782,0.7125,,0.0,0.1379,0.1667,0.0417,0.0546,0.0643,0.0645,0.0,0.0,0.0729,0.0801,0.9781,0.7048,,0.0,0.1379,0.1667,0.0417,0.0543,0.0599,0.063,0.0,0.0,reg oper account,block of flats,0.053,"Stone, brick",No,0.0,0.0,0.0,0.0,-296.0,0,0,0,0,0,0,0,0,0,0,0,0,0,0,0,0,0,0,0,0,,,,,,,,,,,,,,,,,,,,,,,,,
21,100025,0,Cash loans,F,Y,Y,1,202500.0,1132573.5,37561.5,927000.0,Unaccompanied,Commercial associate,Secondary / secondary special,Married,House / apartment,0.025164,-14815,-1652,-2299.0,-2299,14.0,1,1,0,1,0,0,Sales staff,3.0,2,2,MONDAY,9,0,0,0,0,0,0,Trade: type 7,0.4377090198475417,0.2337669575081463,0.5424451438613613,,,,,,,,,,,,,,,,,,,,,,,,,,,,,,,,,,,,,,,,,,,,,,,,0.0,0.0,0.0,0.0,0.0,0,1,0,0,0,0,0,0,0,0,0,0,0,0,0,0,0,0,0,0,0.0,0.0,0.0,0.0,1.0,4.0,,,,,1.0,,-700.0,0.0,2452500.0,1886544.0,0.0,,,,,259795.344375,,12.239583333333332,3077.3256490384615
22,100026,0,Cash loans,F,N,N,1,450000.0,497520.0,32521.5,450000.0,Unaccompanied,Working,Secondary / secondary special,Married,Rented apartment,0.020713,-11146,-4306,-114.0,-2518,,1,1,0,1,0,0,Sales staff,3.0,3,2,THURSDAY,6,0,0,0,0,0,0,Self-employed,,0.457142971588935,0.3589512285783967,0.0907,0.0795,0.9786,0.7076,0.012,0.0,0.2069,0.1667,0.2083,0.0898,0.0723,0.0873,0.0077,0.0044,0.0924,0.0825,0.9786,0.7190000000000001,0.0121,0.0,0.2069,0.1667,0.2083,0.0918,0.079,0.091,0.0078,0.0047,0.0916,0.0795,0.9786,0.7115,0.012,0.0,0.2069,0.1667,0.2083,0.0913,0.0735,0.0889,0.0078,0.0045,reg oper account,block of flats,0.0696,Panel,No,0.0,0.0,0.0,0.0,-468.0,0,1,0,0,0,0,0,0,0,0,0,0,0,0,0,0,0,0,0,0,0.0,0.0,0.0,0.0,0.0,5.0,,,,,2.0,1.0,-1644.0,0.0,5625000.0,3477814.38,0.0,,,,,269115.0,,9.416666666666668,0.0
23,100027,0,Cash loans,F,N,Y,0,83250.0,239850.0,23850.0,225000.0,Unaccompanied,Pensioner,Secondary / secondary special,Married,House / apartment,0.006296,-24827,365243,-9012.0,-3684,,1,0,0,1,1,0,,2.0,3,3,FRIDAY,12,0,0,0,0,0,0,XNA,,0.6243047373592765,0.6690566947824041,0.1443,0.0848,0.9876,0.83,0.1064,0.14,0.1207,0.375,0.4167,0.2371,0.1173,0.1484,0.0019,0.0007,0.1261,0.0754,0.9876,0.8367,0.0,0.1208,0.1034,0.375,0.4167,0.2425,0.1102,0.0923,0.0,0.0,0.1457,0.0848,0.9876,0.8323,0.1071,0.14,0.1207,0.375,0.4167,0.2412,0.1193,0.151,0.0019,0.0007,org spec account,block of flats,0.1639999999999999,Mixed,No,0.0,0.0,0.0,0.0,-795.0,0,0,0,0,1,0,0,0,0,0,0,0,0,0,0,0,0,0,0,0,0.0,0.0,0.0,0.0,0.0,3.0,,,,,1.0,2.0,-1983.0,0.0,625297.5,376713.0,0.0,,,,,163621.125,,9.425,0.0
24,100029,0,Cash loans,M,Y,N,2,135000.0,247500.0,12703.5,247500.0,Unaccompanied,Working,Secondary / secondary special,Married,House / apartment,0.026392,-11286,-746,-108.0,-3729,7.0,1,1,0,1,0,0,Drivers,4.0,2,2,THURSDAY,14,0,0,0,0,1,1,Business Entity Type 3,,0.7861793090532118,0.5656079814115492,0.1433,0.1455,0.9861,0.8096,0.0212,0.0,0.3103,0.1667,0.2083,0.0861,0.1168,0.1217,0.0,0.0043,0.146,0.1509,0.9861,0.8171,0.0214,0.0,0.3103,0.1667,0.2083,0.0881,0.1276,0.1268,0.0,0.0045,0.1447,0.1455,0.9861,0.8121,0.0214,0.0,0.3103,0.1667,0.2083,0.0876,0.1189,0.1239,0.0,0.0044,reg oper account,block of flats,0.0967,Panel,No,1.0,1.0,1.0,0.0,-4.0,0,1,0,0,0,0,0,0,0,0,0,0,0,0,0,0,0,0,0,0,0.0,0.0,0.0,0.0,0.0,0.0,,,,,1.0,3.0,-2806.0,0.0,7428033.0,3682287.0,0.0,,,,,126000.0,,19.75,0.0
25,100030,0,Cash loans,F,N,Y,0,90000.0,225000.0,11074.5,225000.0,Unaccompanied,Working,Secondary / secondary special,Married,House / apartment,0.028663,-19334,-3494,-2419.0,-2893,,1,1,0,1,1,0,Cleaning staff,2.0,2,2,SATURDAY,8,0,0,0,0,0,0,Business Entity Type 3,0.5619484093041138,0.6514056365297631,0.4614823912998385,0.0722,0.0147,0.9781,0.7008,0.001,0.0,0.1379,0.1667,0.0417,0.0498,0.0588,0.067,0.0,0.0,0.0735,0.0153,0.9782,0.7125,0.001,0.0,0.1379,0.1667,0.0417,0.0509,0.0643,0.0698,0.0,0.0,0.0729,0.0147,0.9781,0.7048,0.001,0.0,0.1379,0.1667,0.0417,0.0506,0.0599,0.0682,0.0,0.0,reg oper account,block of flats,0.0533,"Stone, brick",No,0.0,0.0,0.0,0.0,0.0,0,1,0,0,0,0,0,0,0,0,0,0,0,0,0,0,0,0,0,0,0.0,0.0,0.0,0.0,0.0,0.0,,,,,2.0,4.0,-1547.0,0.0,643430.9700000001,451642.5,0.0,,,,,33497.268749999996,,13.1,0.0
26,100031,1,Cash loans,F,N,Y,0,112500.0,979992.0,27076.5,702000.0,Unaccompanied,Working,Secondary / secondary special,Widow,House / apartment,0.018029,-18724,-2628,-6573.0,-1827,,1,1,0,1,0,0,Cooking staff,1.0,3,2,MONDAY,9,0,0,0,0,0,0,Business Entity Type 3,,0.5484771599678789,0.190705947811054,0.0165,0.0089,0.9732,,,0.0,0.069,0.0417,,0.0265,,0.0094,,0.0,0.0168,0.0092,0.9732,,,0.0,0.069,0.0417,,0.0271,,0.0083,,0.0,0.0167,0.0089,0.9732,,,0.0,0.069,0.0417,,0.027,,0.0096,,0.0,,block of flats,0.0085,Wooden,Yes,10.0,1.0,10.0,0.0,-161.0,0,1,0,0,0,0,0,0,0,0,0,0,0,0,1,0,0,0,0,0,0.0,0.0,0.0,0.0,2.0,2.0,,,,,3.0,4.0,-1365.0,0.0,3970651.5,1125000.0,0.0,,,,,,,,
27,100032,0,Cash loans,M,N,Y,1,112500.0,327024.0,23827.5,270000.0,Family,Working,Secondary / secondary special,Married,House / apartment,0.019101,-15948,-1234,-5782.0,-3153,,1,1,0,1,0,0,Laborers,3.0,2,2,SATURDAY,10,0,0,0,0,1,1,Industry: type 11,,0.5411237022695412,0.6594055320683344,,,,,,,,,,,,,,,,,,,,,,,,,,,,,,,,,,,,,,,,,,,,,,,,2.0,0.0,2.0,0.0,-2.0,0,1,0,0,0,0,0,0,0,0,0,0,0,0,0,0,0,0,0,0,0.0,0.0,0.0,0.0,0.0,0.0,,,,,1.0,3.0,-1389.0,0.0,1271160.0,0.0,0.0,,,,,69255.0,,45.857142857142854,1130.3292857142858
28,100033,0,Cash loans,M,Y,Y,0,270000.0,790830.0,57676.5,675000.0,Unaccompanied,State servant,Higher education,Single / not married,House / apartment,0.04622,-9994,-1796,-4668.0,-2661,1.0,1,1,0,1,0,1,,1.0,1,1,WEDNESDAY,11,0,1,1,0,0,0,Military,0.6003959050009468,0.6850109901296888,0.524496446363472,,,,,,,,,,,,,,,,,,,,,,,,,,,,,,,,,,,,,,,,,,,,,,,,0.0,0.0,0.0,0.0,-849.0,0,0,0,0,0,0,1,0,0,0,0,0,0,0,0,0,0,0,0,0,0.0,0.0,0.0,1.0,0.0,1.0,,,,,1.0,,-195.0,0.0,675000.0,0.0,0.0,,,,,53599.5,,-17.0,1251.6270967741937
29,100034,0,Revolving loans,M,N,Y,0,90000.0,180000.0,9000.0,180000.0,Unaccompanied,Working,Higher education,Single / not married,With parents,0.030755,-10341,-1010,-4799.0,-3015,,1,1,0,1,0,0,Laborers,1.0,2,2,TUESDAY,16,0,0,0,0,0,0,Business Entity Type 3,0.2979135090150507,0.5027790378786304,,0.1505,0.0838,0.9831,0.7688,0.0188,0.16,0.1379,0.3333,0.375,0.0872,0.121,0.1412,0.0077,0.0061,0.1534,0.087,0.9831,0.7779,0.019,0.1611,0.1379,0.3333,0.375,0.0892,0.1322,0.1471,0.0078,0.0065,0.152,0.0838,0.9831,0.7719,0.0189,0.16,0.1379,0.3333,0.375,0.0887,0.1231,0.1437,0.0078,0.0063,reg oper account,block of flats,0.1227,Panel,No,0.0,0.0,0.0,0.0,-599.0,0,0,0,0,0,0,0,0,0,0,0,0,0,0,0,0,0,0,0,0,,,,,,,,,,,,,,,,,,,,,,107977.5,,21.708333333333332,-4875.0
30,100035,0,Cash loans,F,N,Y,0,292500.0,665892.0,24592.5,477000.0,Unaccompanied,Commercial associate,Secondary / secondary special,Civil marriage,House / apartment,0.025164,-15280,-2668,-5266.0,-3787,,1,1,0,1,0,1,,2.0,2,2,WEDNESDAY,13,0,0,0,0,0,0,Business Entity Type 3,,0.479987342189869,0.4101025731788671,0.0124,,0.9697,,,0.0,0.069,0.0417,,,,0.0149,,0.0,0.0126,,0.9697,,,0.0,0.069,0.0417,,,,0.0155,,0.0,0.0125,,0.9697,,,0.0,0.069,0.0417,,,,0.0152,,0.0,,block of flats,0.0117,Others,No,0.0,0.0,0.0,0.0,-1634.0,0,1,0,0,0,0,0,0,0,0,0,0,0,0,0,0,0,0,0,0,0.0,0.0,0.0,1.0,0.0,5.0,,,,,5.0,4.0,-2723.0,0.0,3545085.42,2054371.5,0.0,,,,,155864.6590909091,,7.009034715284715,1339.5722989510489
31,100036,0,Cash loans,F,N,Y,0,112500.0,512064.0,25033.5,360000.0,Family,Working,Secondary / secondary special,Civil marriage,House / apartment,0.008575,-11144,-1104,-7846.0,-2904,,1,1,0,1,0,0,Private service staff,2.0,2,2,TUESDAY,12,0,0,0,0,0,0,Services,0.2744223724911185,0.6273004007953609,,0.3670000000000001,0.3751,0.9901,,,0.28,0.4828,0.375,,0.1569,,0.2574,,,0.3739,0.3893,0.9901,,,0.282,0.4828,0.375,,0.1604,,0.2682,,,0.3706,0.3751,0.9901,,,0.28,0.4828,0.375,,0.1596,,0.262,,,,block of flats,0.3388,Block,No,2.0,0.0,2.0,0.0,-397.0,0,1,0,0,0,0,0,0,0,0,0,0,0,0,0,0,0,0,0,0,0.0,0.0,0.0,0.0,2.0,5.0,,,,,1.0,,-889.0,0.0,94959.0,8339.355,0.0,,,,,89138.25,,18.5,0.0
32,100037,0,Cash loans,F,N,N,0,90000.0,199008.0,20893.5,180000.0,Unaccompanied,Working,Secondary / secondary special,Civil marriage,House / apartment,0.010032,-12974,-4404,-7123.0,-4464,,1,1,1,1,0,0,Laborers,2.0,2,2,SATURDAY,11,0,0,0,0,0,0,Business Entity Type 2,,0.5594667916353414,0.7981372313187245,0.0928,,0.9801,,,0.0,0.2069,0.1667,,,,0.0602,,0.0436,0.0945,,0.9801,,,0.0,0.2069,0.1667,,,,0.0627,,0.0461,0.0937,,0.9801,,,0.0,0.2069,0.1667,,,,0.0613,,0.0445,,block of flats,0.0684,Panel,No,0.0,0.0,0.0,0.0,-2766.0,0,1,0,0,0,0,0,0,0,0,0,0,0,0,0,0,0,0,0,0,0.0,0.0,0.0,0.0,0.0,2.0,,,,,1.0,7.0,-2761.0,0.0,592132.5,0.0,0.0,,,,,130142.7,,18.56767676767677,0.0
33,100039,0,Cash loans,M,Y,N,1,360000.0,733315.5,39069.0,679500.0,Unaccompanied,Commercial associate,Secondary / secondary special,Married,House / apartment,0.015221,-11694,-2060,-3557.0,-3557,3.0,1,1,0,1,0,0,Drivers,3.0,2,2,THURSDAY,10,0,0,0,1,1,0,Self-employed,,0.3217448956617718,0.4118485559242397,,,,,,,,,,,,,,,,,,,,,,,,,,,,,,,,,,,,,,,,,,,,,,,,2.0,0.0,2.0,0.0,-697.0,0,0,0,0,0,0,1,0,0,0,0,0,0,0,0,0,0,0,0,0,0.0,0.0,0.0,0.0,1.0,1.0,,,,,3.0,5.0,-1485.0,0.0,4489092.0,2438748.0,0.0,,,,,348917.52375,,19.467171717171716,-17884.463181818184
34,100040,0,Cash loans,F,N,Y,0,135000.0,1125000.0,32895.0,1125000.0,Unaccompanied,State servant,Higher education,Married,House / apartment,0.0196889999999999,-15997,-4585,-5735.0,-4067,,1,1,0,1,0,0,Core staff,2.0,2,2,FRIDAY,14,0,0,0,0,0,0,Security Ministries,,0.1724975081477771,,0.0825,0.0804,0.9762,0.6736,0.0056,0.0,0.1379,0.1667,0.2083,0.038,0.0672,0.0637,0.0,0.0,0.084,0.0835,0.9762,0.6864,0.0057,0.0,0.1379,0.1667,0.2083,0.0389,0.0735,0.0664,0.0,0.0,0.0833,0.0804,0.9762,0.6779999999999999,0.0057,0.0,0.1379,0.1667,0.2083,0.0387,0.0684,0.0648,0.0,0.0,reg oper account,block of flats,0.0532,"Stone, brick",No,0.0,0.0,0.0,0.0,-3019.0,0,1,0,0,0,0,0,0,0,0,0,0,0,0,0,0,0,0,0,0,,,,,,,,,,,,,,,,,,,,,,367200.0,,8.571428571428571,4746.0599999999995
35,100041,0,Cash loans,F,N,N,0,112500.0,450000.0,44509.5,450000.0,Unaccompanied,Working,Higher education,Married,House / apartment,0.008575,-12158,-1275,-6265.0,-2009,,1,1,1,1,1,0,Sales staff,2.0,2,2,MONDAY,19,0,0,0,0,0,0,Self-employed,,0.6631580756296298,0.6785676886853644,0.0948,0.0792,0.9861,0.8096,,0.0,0.1724,0.1667,,0.0888,,0.0582,,,0.0966,0.0822,0.9861,0.8171,,0.0,0.1724,0.1667,,0.0908,,0.0606,,,0.0958,0.0792,0.9861,0.8121,,0.0,0.1724,0.1667,,0.0903,,0.0592,,,reg oper account,block of flats,0.0749,"Stone, brick",No,0.0,0.0,0.0,0.0,-1285.0,0,1,0,0,0,0,0,0,0,0,0,0,0,0,0,0,0,0,0,0,0.0,0.0,0.0,0.0,0.0,0.0,,,,,1.0,12.0,-2890.0,0.0,822305.1599999999,0.0,0.0,,,,,37001.25,,23.047619047619047,521.5773214285715
36,100043,0,Cash loans,F,N,Y,2,198000.0,641173.5,23157.0,553500.0,Unaccompanied,Commercial associate,Secondary / secondary special,Married,House / apartment,0.01885,-17199,-768,-63.0,-735,,1,1,1,1,1,0,Private service staff,4.0,2,2,THURSDAY,13,0,0,0,0,0,0,Other,0.8427634659543568,0.6816988025574287,0.7544061731797895,,,,,,,,,,,,,,,,,,,,,,,,,,,,,,,,,,,,,,,,,,,,,,,,0.0,0.0,0.0,0.0,-2411.0,0,1,0,0,0,0,0,0,0,0,0,0,0,0,0,0,0,0,0,0,0.0,0.0,0.0,0.0,1.0,1.0,0.0,48.0,48.0,0.0,,2.0,-2639.0,0.0,333720.0,0.0,0.0,0.0,22500.0,0.0,0.0,936475.0,,20.162889194139197,315.1157142857143
37,100044,0,Cash loans,M,N,Y,0,121500.0,454500.0,15151.5,454500.0,Unaccompanied,Working,Secondary / secondary special,Married,House / apartment,0.030755,-21077,-1288,-5474.0,-4270,,1,1,0,1,1,0,Drivers,2.0,2,2,FRIDAY,10,0,0,0,0,1,1,Transport: type 4,0.8045861213121414,0.7197985370372056,0.722392890081304,,,,,,,,,,,,,,,,,,,,,,,,,,,,,,,,,,,,,,,,,,,,,,,,0.0,0.0,0.0,0.0,-1541.0,0,1,0,0,0,0,0,0,0,0,0,0,0,0,0,0,0,0,0,0,0.0,0.0,0.0,1.0,0.0,0.0,,,,,6.0,5.0,-2729.0,0.0,2329694.46,1147764.6,0.0,,,,,288337.5,,16.299578272604588,597.938137651822
38,100045,0,Cash loans,F,N,Y,0,99000.0,247275.0,17338.5,225000.0,Unaccompanied,Pensioner,Secondary / secondary special,Married,House / apartment,0.006207,-23920,365243,-9817.0,-4969,,1,0,0,1,1,0,,2.0,2,2,FRIDAY,11,0,0,0,0,0,0,XNA,,0.6507647995068742,0.7517237147741489,,,0.9851,,,0.04,0.0345,0.3333,,0.0566,,0.0922,,,,,0.9851,,,0.0403,0.0345,0.3333,,0.0579,,0.096,,,,,0.9851,,,0.04,0.0345,0.3333,,0.0576,,0.0938,,,,block of flats,0.0786,"Stone, brick",No,0.0,0.0,0.0,0.0,0.0,0,1,0,0,0,0,0,0,0,0,0,0,0,0,0,0,0,0,0,0,0.0,0.0,0.0,0.0,0.0,2.0,,,,,1.0,2.0,-733.0,0.0,438054.39,89351.46,0.0,,,,,339485.625,,4.564436274509804,397.5710294117648
39,100046,0,Revolving loans,M,Y,Y,0,180000.0,540000.0,27000.0,540000.0,Unaccompanied,Working,Higher education,Married,House / apartment,0.025164,-16126,-1761,-8236.0,-4292,3.0,1,1,0,1,0,0,Managers,2.0,2,2,TUESDAY,8,0,0,0,0,0,0,Business Entity Type 3,,0.7380532835697358,0.6058362647264226,0.0814,0.0994,0.9831,0.7688,0.0142,0.0,0.2069,0.1667,0.2083,0.1404,0.0656,0.0771,0.0039,0.0227,0.083,0.1032,0.9831,0.7779,0.0143,0.0,0.2069,0.1667,0.2083,0.1436,0.0716,0.0804,0.0039,0.0241,0.0822,0.0994,0.9831,0.7719,0.0143,0.0,0.2069,0.1667,0.2083,0.1429,0.0667,0.0785,0.0039,0.0232,org spec account,block of flats,0.0734,"Stone, brick",No,1.0,0.0,1.0,0.0,-540.0,0,0,0,0,0,0,0,0,0,0,0,0,0,0,0,0,0,0,0,0,0.0,0.0,0.0,1.0,0.0,1.0,0.0,18.0,1.0,0.0,1.0,3.0,-2653.0,0.0,12637260.0,0.0,0.0,,,,,393750.0,,0.5294117647058824,0.0
40,100047,1,Cash loans,M,N,Y,0,202500.0,1193580.0,35028.0,855000.0,Unaccompanied,Commercial associate,Secondary / secondary special,Married,House / apartment,0.025164,-17482,-1262,-1182.0,-1029,,1,1,0,1,0,0,Laborers,2.0,2,2,TUESDAY,9,0,0,0,0,0,0,Business Entity Type 3,,0.306840586048305,0.3201633668633456,0.1309,0.125,0.996,0.9456,0.0822,0.16,0.1379,0.25,0.2917,0.0142,0.1059,0.1267,0.0039,0.0078,0.1334,0.1297,0.996,0.9477,0.083,0.1611,0.1379,0.25,0.2917,0.0145,0.1157,0.132,0.0039,0.0082,0.1322,0.125,0.996,0.9463,0.0827,0.16,0.1379,0.25,0.2917,0.0144,0.1077,0.129,0.0039,0.0079,org spec account,block of flats,0.1463,"Stone, brick",No,0.0,0.0,0.0,0.0,-1075.0,0,1,0,0,0,0,0,0,0,0,0,0,0,0,0,0,0,0,0,0,0.0,0.0,0.0,2.0,0.0,4.0,,,,,3.0,2.0,-2055.0,0.0,9527634.0,3220456.5,0.0,,,,,242617.5,,4.1,0.0
41,100048,0,Cash loans,F,N,Y,0,202500.0,604152.0,29196.0,540000.0,Unaccompanied,Working,Secondary / secondary special,Married,House / apartment,0.009175,-16971,-475,-3148.0,-513,,1,1,0,1,1,0,Laborers,2.0,2,2,MONDAY,12,0,1,1,0,1,1,Industry: type 1,,0.0373152355612163,,,,,,,,,,,,,,,,,,,,,,,,,,,,,,,,,,,,,,,,,,,,,,,,,4.0,0.0,4.0,0.0,-458.0,0,1,0,0,0,0,0,0,0,0,0,0,0,0,0,0,0,0,0,0,0.0,0.0,0.0,0.0,0.0,5.0,0.0,18.0,9.0,0.0,,1.0,-75.0,0.0,22905.0,0.0,0.0,280.89,225000.0,23400.0,0.0,394875.0,,10.183333333333334,0.0
42,100049,1,Cash loans,F,N,N,0,135000.0,288873.0,16258.5,238500.0,Unaccompanied,Working,Secondary / secondary special,Civil marriage,House / apartment,0.007305,-13384,-3597,-45.0,-4409,,1,1,1,1,1,0,Sales staff,2.0,3,3,THURSDAY,11,0,0,0,0,0,0,Self-employed,0.4682080567974757,0.6742032101473874,0.3996756156233169,,,,,,,,,,,,,,,,,,,,,,,,,,,,,,,,,,,,,,,,,,,,,,,,1.0,0.0,1.0,0.0,-1480.0,0,1,0,0,0,0,0,0,0,0,0,0,0,0,0,0,0,0,0,0,0.0,0.0,0.0,0.0,0.0,2.0,,,,,5.0,2.0,-2179.0,0.0,851747.85,552442.5,0.0,,,,,35602.2,,6.104166666666666,250.8825
43,100050,0,Cash loans,F,N,Y,0,108000.0,746280.0,42970.5,675000.0,Unaccompanied,Pensioner,Higher education,Single / not married,House / apartment,0.010966,-23548,365243,-5745.0,-4576,,1,0,0,1,0,0,,1.0,2,2,WEDNESDAY,9,0,0,0,0,0,0,XNA,,0.7661378050275851,0.6848276586890367,0.2186,0.1232,0.9851,0.7959999999999999,0.0528,0.24,0.2069,0.3333,0.375,0.1154,0.1774,0.2113,0.0039,0.0051,0.2227,0.1279,0.9851,0.804,0.0533,0.2417,0.2069,0.3333,0.375,0.1181,0.1938,0.2202,0.0039,0.0054,0.2207,0.1232,0.9851,0.7987,0.0531,0.24,0.2069,0.3333,0.375,0.1175,0.1804,0.2151,0.0039,0.0052,reg oper spec account,block of flats,0.1903,Panel,No,0.0,0.0,0.0,0.0,-491.0,0,1,0,0,0,0,0,0,0,0,0,0,0,0,0,0,0,0,0,0,0.0,0.0,0.0,0.0,0.0,3.0,0.0,24.0,9.0,0.0,,3.0,-2702.0,0.0,742741.38,0.0,0.0,0.0,180000.0,0.0,0.0,111199.5,,11.8125,0.0
44,100051,0,Cash loans,M,N,Y,0,202500.0,661702.5,48280.5,598500.0,Unaccompanied,Working,Secondary / secondary special,Civil marriage,House / apartment,0.007114,-9827,-758,-4166.0,-2380,,1,1,1,1,0,0,,2.0,2,2,WEDNESDAY,12,0,0,0,0,1,1,Business Entity Type 3,,0.6315186311742824,,,,,,,,,,,,,,,,,,,,,,,,,,,,,,,,,,,,,,,,,,,,,,,,,1.0,0.0,1.0,0.0,-556.0,0,1,0,0,0,0,0,0,0,0,0,0,0,0,0,0,0,0,0,0,,,,,,,0.0,24.0,7.0,0.0,,,,,,,,,,,,45540.0,,6.555555555555555,0.0
45,100052,0,Revolving loans,F,N,Y,1,90000.0,180000.0,9000.0,180000.0,Family,Working,Secondary / secondary special,Civil marriage,House / apartment,0.009334,-7974,-895,-6591.0,-642,,1,1,1,1,0,0,Sales staff,3.0,2,2,MONDAY,10,0,0,0,0,0,0,Self-employed,,0.535542260363498,,,,,,,,,,,,,,,,,,,,,,,,,,,,,,,,,,,,,,,,,,,,,,,,,1.0,1.0,1.0,1.0,-462.0,0,0,0,0,0,0,0,0,0,0,0,0,0,0,0,0,0,0,0,0,,,,,,,,,,,,,,,,,,,,,,23667.75,,9.275,0.0
46,100053,0,Cash loans,F,N,Y,0,202500.0,305221.5,17649.0,252000.0,Family,Pensioner,Secondary / secondary special,Single / not married,House / apartment,0.0196889999999999,-20373,365243,-7760.0,-1993,,1,0,0,1,0,0,,1.0,2,2,MONDAY,8,0,0,0,0,0,0,XNA,,0.2476647173356162,0.475849908720221,,,,,,,,,,,,,,,,,,,,,,,,,,,,,,,,,,,,,,,,,,,,,,,,0.0,0.0,0.0,0.0,-649.0,0,1,0,0,0,0,0,0,0,0,0,0,0,0,0,0,0,0,0,0,0.0,0.0,0.0,0.0,2.0,4.0,0.0,12.0,2.0,0.0,1.0,7.0,-2893.0,0.0,675508.5,0.0,0.0,,,,,36000.0,,7.040909090909091,0.0
47,100054,0,Cash loans,F,N,Y,0,99000.0,260640.0,26838.0,225000.0,Unaccompanied,Working,Secondary / secondary special,Married,House / apartment,0.022625,-20121,-5332,-9197.0,-3283,,1,1,1,1,1,0,Medicine staff,2.0,2,2,WEDNESDAY,16,0,0,0,0,1,1,Business Entity Type 3,,0.0892406534424171,0.7281412993111438,,,,,,,,,,,,,,,,,,,,,,,,,,,,,,,,,,,,,,,,,,,,,,,,4.0,0.0,4.0,0.0,-1247.0,0,1,0,0,0,0,0,0,0,0,0,0,0,0,0,0,0,0,0,0,0.0,0.0,0.0,0.0,0.0,2.0,0.0,10.0,1.0,0.0,1.0,1.0,-1483.0,0.0,104692.5,0.0,0.0,,,,,85999.5,,7.329365079365079,235.1025
48,100055,0,Cash loans,F,N,N,0,130500.0,1350000.0,37255.5,1350000.0,Unaccompanied,State servant,Secondary / secondary special,Married,House / apartment,0.020713,-19727,-4411,-6225.0,-3199,,1,1,1,1,1,0,Managers,2.0,3,3,THURSDAY,10,0,0,0,0,0,0,Government,0.7104273289168539,0.5891866296961207,0.4668640059537032,,,,,,,,,,,,,,,,,,,,,,,,,,,,,,,,,,,,,,,,,,,,,,,,0.0,0.0,0.0,0.0,-784.0,0,1,0,0,0,0,0,0,0,0,0,0,0,0,0,0,0,0,0,0,0.0,0.0,0.0,0.0,0.0,0.0,,,,,4.0,3.0,-2202.0,0.0,2826732.015,1244438.055,0.0,,,,,73264.5,,16.5,0.0
49,100056,0,Cash loans,M,Y,Y,0,360000.0,1506816.0,49927.5,1350000.0,Unaccompanied,Working,Secondary / secondary special,Married,House / apartment,0.010006,-18264,-9523,-5504.0,-1797,3.0,1,1,0,1,0,0,Laborers,2.0,2,2,THURSDAY,10,0,0,0,0,1,1,Transport: type 2,,0.5239340474953537,,,,,,,,,,,,,,,,,,,,,,,,,,,,,,,,,,,,,,,,,,,,,,,,,1.0,1.0,1.0,1.0,-1498.0,0,1,0,0,0,0,0,0,0,0,0,0,0,0,0,0,0,0,0,0,,,,,,,,,,,,,,,,,,,,,,254640.0,,3.745817245817246,2274.521843629344
50,100058,0,Revolving loans,F,N,Y,0,54000.0,135000.0,6750.0,135000.0,Unaccompanied,State servant,Higher education,Married,House / apartment,0.0145199999999999,-12406,-1176,-1149.0,-2576,,1,1,0,0,0,0,Core staff,2.0,2,2,THURSDAY,9,0,0,0,0,0,0,School,0.6562248044601879,0.4508497225560816,0.4794489811780563,0.0664,0.0442,0.998,,,0.08,0.0552,0.4083,0.45,0.0085,,0.0651,,0.016,0.0441,0.0306,0.998,,,0.0806,0.069,0.375,0.4167,0.0078,,0.0487,,0.0168,0.0822,0.0408,0.998,,,0.08,0.069,0.375,0.4167,0.0087,,0.0747,,0.0163,,block of flats,0.0403,Panel,No,0.0,0.0,0.0,0.0,0.0,0,1,0,0,0,0,0,0,0,0,0,0,0,0,0,0,1,0,0,0,0.0,0.0,0.0,0.0,0.0,0.0,,,,,2.0,2.0,-2536.0,0.0,810000.0,258597.0,0.0,,,,,,,,
51,100059,0,Cash loans,M,Y,Y,1,540000.0,675000.0,34596.0,675000.0,Unaccompanied,Commercial associate,Higher education,Married,House / apartment,0.026392,-18632,-6977,-3904.0,-1937,7.0,1,1,0,1,1,0,Managers,3.0,2,2,TUESDAY,10,0,0,0,0,0,0,Services,0.3115099249880457,0.7133545848531052,0.3092753558842053,0.5309,0.2491,0.9811,0.7416,,0.88,0.3793,0.4583,0.0,0.3977,,0.5878,,0.0487,0.541,0.2585,0.9811,0.7517,,0.8862,0.3793,0.4583,0.0,0.4067,,0.6124,,0.0516,0.5361,0.2491,0.9811,0.7451,,0.88,0.3793,0.4583,0.0,0.4046,,0.5983,,0.0498,,block of flats,0.5149,Panel,No,2.0,0.0,2.0,0.0,-1285.0,0,1,0,0,0,0,0,0,0,0,0,0,0,0,0,0,0,0,0,0,0.0,0.0,1.0,0.0,0.0,3.0,,,,,1.0,4.0,-1343.0,0.0,2157469.2,980784.0,0.0,,,,,186235.56,,12.344444444444445,0.0
52,100060,0,Cash loans,M,Y,N,0,76500.0,454500.0,14661.0,454500.0,Unaccompanied,Working,Secondary / secondary special,Married,House / apartment,0.028663,-12282,-778,-1824.0,-1992,13.0,1,1,1,1,0,0,,2.0,2,2,TUESDAY,10,0,0,0,0,0,0,Emergency,0.2445616325354615,0.705947456699447,0.7992967832109371,0.0227,,0.9806,,,,0.1034,0.0417,,,,0.0114,,0.0226,0.0231,,0.9806,,,,0.1034,0.0417,,,,0.0119,,0.0239,0.0229,,0.9806,,,,0.1034,0.0417,,,,0.0116,,0.023,,block of flats,0.0139,"Stone, brick",No,4.0,0.0,4.0,0.0,-466.0,0,1,0,0,0,0,0,0,0,0,0,0,0,0,0,0,0,0,0,0,0.0,0.0,0.0,1.0,0.0,0.0,,,,,,5.0,-1703.0,0.0,274641.83999999997,0.0,0.0,,,,,180000.0,,15.0,-15000.0
53,100061,0,Cash loans,F,N,Y,2,225000.0,314055.0,16164.0,238500.0,Unaccompanied,Commercial associate,Higher education,Married,House / apartment,0.006629,-10473,-1392,-2025.0,-1240,,1,1,0,1,0,0,Core staff,4.0,2,2,THURSDAY,3,0,0,0,1,1,0,Self-employed,0.1895957995501827,0.7029791046049891,0.7016957740576931,,,,,,,,,,,,,,,,,,,,,,,,,,,,,,,,,,,,,,,,,,,,,,,,0.0,0.0,0.0,0.0,-570.0,0,1,0,0,0,0,0,0,0,0,0,0,0,0,0,0,0,0,0,0,0.0,0.0,0.0,0.0,0.0,5.0,,,,,,1.0,-924.0,0.0,37741.5,0.0,0.0,,,,,314509.5,,11.604086956521737,-1638.1113875776396
54,100062,0,Cash loans,M,Y,N,0,81000.0,675000.0,32472.0,675000.0,Unaccompanied,Pensioner,Secondary / secondary special,Married,House / apartment,0.010006,-18611,365243,-6936.0,-2142,8.0,1,0,0,1,1,0,,2.0,2,2,TUESDAY,17,0,0,0,0,0,0,XNA,,0.6628649268152181,0.7380196196295241,0.2165,0.1678,0.9846,0.7892,,0.24,0.2069,0.3333,0.375,0.1071,,,,0.0151,0.2206,0.1741,0.9846,0.7975,,0.2417,0.2069,0.3333,0.375,0.1095,,,,0.016,0.2186,0.1678,0.9846,0.792,,0.24,0.2069,0.3333,0.375,0.1089,,,,0.0154,reg oper account,block of flats,0.2048,Panel,No,0.0,0.0,0.0,0.0,-462.0,0,1,0,0,0,0,0,0,0,0,0,0,0,0,0,0,0,0,0,0,0.0,0.0,0.0,0.0,0.0,2.0,,,,,,2.0,-2288.0,0.0,1081626.12,0.0,0.0,,,,,503100.0,,11.555555555555555,0.0
55,100063,0,Cash loans,F,N,Y,0,180000.0,837427.5,45558.0,666000.0,Unaccompanied,Working,Higher education,Married,House / apartment,0.022625,-12955,-4106,-7054.0,-5164,,1,1,0,1,1,1,Managers,2.0,2,2,MONDAY,15,0,0,0,0,0,0,Medicine,0.5527719020519871,0.6166372926426479,0.0701088438273582,0.1186,0.066,0.9801,0.728,0.0385,0.04,0.0345,0.3333,0.0417,0.0606,0.0958,0.0822,0.0039,0.0002,0.1208,0.0685,0.9801,0.7387,0.0388,0.0403,0.0345,0.3333,0.0417,0.062,0.1047,0.0856,0.0039,0.0002,0.1197,0.066,0.9801,0.7316,0.0387,0.04,0.0345,0.3333,0.0417,0.0616,0.0975,0.0837,0.0039,0.0002,reg oper spec account,block of flats,0.0857,"Stone, brick",No,1.0,1.0,1.0,1.0,-1547.0,0,1,0,0,0,0,0,0,0,0,0,0,0,0,0,0,0,0,0,0,0.0,0.0,0.0,1.0,0.0,4.0,0.0,36.0,13.0,0.0,7.0,11.0,-2909.0,0.0,5006331.0,1651888.845,0.0,,,,,170786.5,,7.684523809523809,1247.7749999999999
56,100064,0,Cash loans,F,N,N,0,67500.0,298728.0,15381.0,202500.0,Family,Pensioner,Secondary / secondary special,Single / not married,Municipal apartment,0.019101,-21621,365243,-2019.0,-1344,,1,0,0,1,0,0,,1.0,2,2,MONDAY,9,0,0,0,0,0,0,XNA,,0.6227082733555896,0.1694287272664794,,,,,,,,,,,,,,,,,,,,,,,,,,,,,,,,,,,,,,,,,,,,,,,,0.0,0.0,0.0,0.0,0.0,0,1,0,0,0,0,0,0,0,0,0,0,0,0,0,0,0,0,0,0,0.0,0.0,0.0,0.0,0.0,0.0,,,,,2.0,,-509.0,0.0,162000.0,95413.5,0.0,,,,,47607.48,,11.92,343.1376000000001
57,100068,0,Revolving loans,M,N,Y,0,81000.0,247500.0,12375.0,247500.0,Unaccompanied,Working,Secondary / secondary special,Married,House / apartment,0.031329,-18248,-2351,-4375.0,-1721,,1,1,1,1,1,0,Security staff,2.0,2,2,WEDNESDAY,14,0,0,0,0,1,1,Security,0.2377197192577024,0.6091352920795285,0.5136937663039473,0.1227,0.1572,0.9886,0.8436,0.0029,0.0,0.3448,0.1667,0.2083,0.0554,0.0992,0.1177,0.0039,0.0052,0.125,0.1631,0.9886,0.8497,0.0029,0.0,0.3448,0.1667,0.2083,0.0566,0.1084,0.1226,0.0039,0.0055,0.1239,0.1572,0.9886,0.8457,0.0029,0.0,0.3448,0.1667,0.2083,0.0563,0.1009,0.1198,0.0039,0.0053,org spec account,block of flats,0.0926,Panel,No,2.0,0.0,2.0,0.0,-167.0,0,0,0,0,0,0,0,0,0,0,0,0,0,0,0,0,0,0,0,0,0.0,0.0,0.0,0.0,0.0,0.0,,,,,1.0,4.0,-2529.0,0.0,1151753.94,799038.0,0.0,,,,,82152.0,,8.2,0.0
58,100069,0,Cash loans,M,Y,Y,1,360000.0,640458.0,27265.5,517500.0,Unaccompanied,Working,Secondary / secondary special,Separated,House / apartment,0.00733,-14186,-1743,-2128.0,-4982,10.0,1,1,0,1,0,0,Laborers,2.0,2,2,MONDAY,11,0,1,1,0,1,1,Transport: type 4,,0.2567370429595146,0.7076993447402619,,,,,,,,,,,,,,,,,,,,,,,,,,,,,,,,,,,,,,,,,,,,,,,,0.0,0.0,0.0,0.0,-112.0,0,1,0,0,0,0,0,0,0,0,0,0,0,0,0,0,0,0,0,0,0.0,0.0,0.0,0.0,1.0,3.0,,,,,2.0,2.0,-2263.0,0.0,6249325.5,3152259.0,0.0,,,,,145163.025,0.1891363481808909,7.759523809523809,492.8798571428571
59,100070,0,Cash loans,M,Y,Y,0,540000.0,1227901.5,46899.0,1129500.0,Unaccompanied,Working,Higher education,Widow,House / apartment,0.032561,-20544,-2091,-6846.0,-566,2.0,1,1,1,1,0,0,Managers,1.0,1,1,TUESDAY,14,0,0,0,0,0,0,Business Entity Type 3,,0.6535972121081295,0.3392876999089139,0.0256,0.0,0.9354,0.116,0.0076,0.0,0.1172,0.1,0.1417,0.0664,0.0202,0.0305,0.0039,0.0084,0.0063,0.0,0.9136,0.0,0.0006,0.0,0.069,0.0833,0.125,0.0819,0.0055,0.0072,0.0,0.0,0.0104,0.0,0.9136,0.0,0.0015,0.0,0.069,0.0833,0.125,0.0815,0.0086,0.0069999999999999,0.0039,0.0013,reg oper account,block of flats,0.0058,"Stone, brick",No,0.0,0.0,0.0,0.0,-1377.0,0,0,0,0,0,0,1,0,0,0,0,0,0,0,0,0,0,0,0,0,0.0,0.0,0.0,0.0,0.0,0.0,,,,,3.0,3.0,-2350.0,0.0,8758800.0,2249635.5,0.0,,,,,149765.445,0.1607163096452454,19.15625,867.4537500000001
60,100071,0,Cash loans,F,N,Y,0,180000.0,1663987.5,86989.5,1588500.0,Family,Commercial associate,Secondary / secondary special,Married,House / apartment,0.018801,-20121,-2446,-6755.0,-2177,,1,1,0,1,0,0,Accountants,2.0,2,2,MONDAY,12,0,0,0,0,0,0,Industry: type 11,,0.5706663563799912,0.6971469077844458,0.0876,0.0496,0.9841,0.7824,0.0096,0.04,0.0345,0.4583,0.5,0.0208,0.0698,0.0767,0.0077,0.021,0.0893,0.0515,0.9841,0.7909,0.0097,0.0403,0.0345,0.4583,0.5,0.0213,0.0762,0.0799,0.0078,0.0222,0.0885,0.0496,0.9841,0.7853,0.0097,0.04,0.0345,0.4583,0.5,0.0212,0.071,0.0781,0.0078,0.0214,reg oper spec account,block of flats,0.0701,"Stone, brick",No,0.0,0.0,0.0,0.0,-1572.0,0,1,0,0,0,0,0,0,0,0,0,0,0,0,0,0,0,0,0,0,0.0,0.0,0.0,2.0,0.0,1.0,,,,,,4.0,-2258.0,0.0,598059.0,0.0,0.0,,,,,408946.5,,10.375,0.0
61,100072,0,Cash loans,M,N,N,0,180000.0,1080000.0,44118.0,1080000.0,Unaccompanied,Working,Incomplete higher,Single / not married,With parents,0.010006,-7907,-1324,-4557.0,-586,,1,1,0,1,0,1,Sales staff,1.0,2,1,TUESDAY,9,0,0,0,0,0,0,Trade: type 2,,0.0265407750366898,0.434733248750173,0.0928,0.0955,0.9856,0.8028,0.013,0.0,0.2069,0.1667,0.2083,0.1147,0.0756,0.0913,0.0,0.0,0.0945,0.0991,0.9856,0.8105,0.0131,0.0,0.2069,0.1667,0.2083,0.1173,0.0826,0.0951,0.0,0.0,0.0937,0.0955,0.9856,0.8054,0.0131,0.0,0.2069,0.1667,0.2083,0.1167,0.077,0.0929,0.0,0.0,reg oper account,block of flats,0.0804,Panel,No,0.0,0.0,0.0,0.0,-725.0,0,0,0,0,0,0,0,0,0,0,0,0,0,0,0,0,0,0,0,0,0.0,0.0,0.0,0.0,0.0,4.0,0.0,24.0,21.0,0.0,,2.0,-630.0,0.0,314716.5,0.0,0.0,,,,,224774.55,,3.722222222222222,-2155.5425
62,100073,0,Cash loans,M,Y,Y,0,324000.0,1130760.0,40189.5,810000.0,Unaccompanied,Pensioner,Higher education,Civil marriage,House / apartment,0.01885,-22843,365243,-1042.0,-3967,10.0,1,0,0,1,0,0,,2.0,2,2,THURSDAY,9,0,0,0,0,0,0,XNA,,0.7330511930996613,0.2340151665320674,0.1928,0.2309,0.9955,,,0.16,0.1379,0.6667,,0.1427,,0.2818,,0.1341,0.1964,0.2396,0.9955,,,0.1611,0.1379,0.6667,,0.1459,,0.2936,,0.142,0.1947,0.2309,0.9955,,,0.16,0.1379,0.6667,,0.1452,,0.2869,,0.1369,,block of flats,0.2522,"Stone, brick",No,0.0,0.0,0.0,0.0,-2385.0,0,1,0,0,0,0,0,0,0,0,0,0,0,0,0,0,0,0,0,0,0.0,0.0,0.0,0.0,1.0,1.0,0.0,30.0,6.0,0.0,3.0,1.0,-1788.0,0.0,2176983.0,1537123.5,0.0,,,,,329848.0,,6.884535005224661,4104.605507445141
63,100075,0,Cash loans,F,N,N,0,112500.0,95940.0,10462.5,90000.0,Family,Working,Higher education,Single / not married,House / apartment,0.00496,-12240,-3720,-5246.0,-4541,,1,1,0,1,0,0,,1.0,2,2,MONDAY,14,0,0,0,0,0,0,University,0.2996061411205129,0.6645439411246608,0.4920600938649263,,,,,,,,,,,,,,,,,,,,,,,,,,,,,,,,,,,,,,,,,,,,,,,,0.0,0.0,0.0,0.0,-280.0,0,1,0,0,0,0,0,0,0,0,0,0,0,0,0,0,0,0,0,0,0.0,0.0,0.0,0.0,0.0,5.0,,,,,4.0,,-1637.0,0.0,991566.0,547785.0,0.0,,,,,95007.85714285714,,8.943333333333333,0.0
64,100076,0,Cash loans,M,Y,N,0,180000.0,315000.0,9679.5,315000.0,,Commercial associate,Secondary / secondary special,Married,House / apartment,0.028663,-13866,-2546,-5448.0,-4097,1.0,1,1,0,1,0,0,Drivers,2.0,2,2,MONDAY,12,0,0,0,0,0,0,Transport: type 3,,0.5848873555356944,0.0950703958413326,0.0124,,0.9677,0.5579999999999999,0.0013,0.0,0.069,0.0417,0.0417,0.0489,0.0101,0.01,0.0,0.0,0.0126,,0.9677,0.5753,0.0013,0.0,0.069,0.0417,0.0417,0.05,0.011,0.0105,0.0,0.0,0.0125,,0.9677,0.5639,0.0013,0.0,0.069,0.0417,0.0417,0.0498,0.0103,0.0102,0.0,0.0,reg oper account,block of flats,0.0079,Block,No,0.0,0.0,0.0,0.0,-3.0,0,0,0,0,0,0,1,0,0,0,0,0,0,0,0,0,0,0,0,0,0.0,0.0,0.0,0.0,0.0,0.0,,,,,3.0,,-441.0,0.0,3296057.58,2610859.995,0.0,,,,,,,,
65,100077,0,Cash loans,M,N,Y,0,180000.0,1256400.0,40657.5,900000.0,Unaccompanied,Commercial associate,Secondary / secondary special,Single / not married,House / apartment,0.072508,-12049,-579,-6105.0,-1,,1,1,0,1,0,0,Core staff,1.0,1,1,WEDNESDAY,12,0,0,0,0,0,0,Police,0.2867830789116058,0.6473478219828046,0.5620604831738043,0.1433,0.0993,0.9811,0.7416,0.0,0.16,0.1379,0.3333,0.375,0.0,0.1168,0.1367,0.0,0.0207,0.146,0.103,0.9811,0.7517,0.0,0.1611,0.1379,0.3333,0.375,0.0,0.1276,0.1425,0.0,0.0219,0.1447,0.0993,0.9811,0.7451,0.0,0.16,0.1379,0.3333,0.375,0.0,0.1189,0.1392,0.0,0.0211,reg oper account,block of flats,0.1114,Panel,No,4.0,0.0,4.0,0.0,-295.0,0,1,0,0,0,0,0,0,0,0,0,0,0,0,0,0,0,0,0,0,0.0,0.0,0.0,0.0,0.0,8.0,,,,,1.0,3.0,-1186.0,0.0,687456.0,257926.5,0.0,,,,,59380.61538461538,,-1.5428571428571431,3235.9885714285715
66,100078,0,Cash loans,F,Y,Y,0,180000.0,1035000.0,43983.0,1035000.0,Unaccompanied,State servant,Higher education,Married,House / apartment,0.028663,-19550,-4856,-6836.0,-3084,21.0,1,1,0,1,0,0,Core staff,2.0,2,2,TUESDAY,9,0,0,0,0,0,0,Government,0.7961611232881004,0.5172704004425673,0.4294236843421945,,,,,,,,,,,,,,,,,,,,,,,,,,,,,,,,,,,,,,,,,,,,,,,,0.0,0.0,0.0,0.0,-1594.0,0,1,0,0,0,0,0,0,0,0,0,0,0,0,0,0,0,0,0,0,0.0,0.0,0.0,0.0,0.0,3.0,,,,,1.0,2.0,-1338.0,0.0,1143000.0,537165.0,0.0,,,,,403363.63636363635,,2.6105937921727396,0.0
67,100079,0,Revolving loans,M,N,Y,0,225000.0,270000.0,13500.0,270000.0,Unaccompanied,Working,Secondary / secondary special,Separated,Municipal apartment,0.00733,-15359,-114,-5076.0,-2922,,1,1,0,1,0,0,Laborers,1.0,2,2,THURSDAY,9,0,0,0,0,1,1,Construction,0.202477374074608,0.5619229565929612,0.4135967602644276,,,,,,,,,,,,,,,,,,,,,,,,,,,,,,,,,,,,,,,,,,,,,,,,0.0,0.0,0.0,0.0,-662.0,0,0,0,0,0,0,0,0,0,0,0,0,0,0,0,0,0,0,0,0,0.0,0.0,0.0,1.0,0.0,0.0,,,,,,1.0,-553.0,0.0,60781.5,0.0,0.0,,,,,82402.5,,9.8,-7200.8279999999995
68,100080,0,Revolving loans,F,N,N,1,157500.0,450000.0,22500.0,450000.0,Unaccompanied,Commercial associate,Secondary / secondary special,Civil marriage,House / apartment,0.010966,-11956,-3154,-8118.0,-4143,,1,1,0,1,0,0,Sales staff,3.0,2,2,SUNDAY,10,0,0,0,0,0,0,Kindergarten,0.4115064104251909,0.1238882922844139,0.8327850252992314,0.2175,0.1455,0.9891,0.8504,0.0443,0.24,0.2069,0.3333,0.375,0.1343,0.1774,0.2129,0.0,0.0039,0.2216,0.1509,0.9891,0.8563,0.0447,0.2417,0.2069,0.3333,0.375,0.1373,0.1938,0.2218,0.0,0.0041,0.2196,0.1455,0.9891,0.8524,0.0445,0.24,0.2069,0.3333,0.375,0.1366,0.1804,0.2167,0.0,0.004,reg oper spec account,block of flats,0.1925,Panel,No,,,,,-1711.0,0,0,0,0,0,0,0,0,0,0,0,0,0,0,0,0,0,0,0,0,0.0,0.0,0.0,0.0,0.0,5.0,0.0,39.0,34.0,0.0,,1.0,-1802.0,0.0,30150.0,0.0,0.0,,,,,155487.85714285713,,1.615530303030303,0.0
69,100081,0,Cash loans,M,Y,N,0,180000.0,450000.0,21109.5,450000.0,Unaccompanied,Commercial associate,Secondary / secondary special,Civil marriage,House / apartment,0.0145199999999999,-10848,-121,-4809.0,-3494,20.0,1,1,0,1,0,0,Laborers,2.0,2,2,SATURDAY,9,0,0,0,0,0,0,Other,,0.6454384930609306,,0.067,0.0,0.9752,0.66,0.0068,0.0,0.1379,0.1667,0.2083,0.0483,0.0538,0.0506,0.0039,0.0465,0.0683,0.0,0.9752,0.6733,0.0069,0.0,0.1379,0.1667,0.2083,0.0494,0.0588,0.0528,0.0039,0.0492,0.0677,0.0,0.9752,0.6645,0.0069,0.0,0.1379,0.1667,0.2083,0.0491,0.0547,0.0516,0.0039,0.0475,reg oper account,block of flats,0.0436,"Stone, brick",No,1.0,0.0,1.0,0.0,-2519.0,0,0,0,0,0,0,1,0,0,0,0,0,0,0,0,0,0,0,0,0,,,,,,,,,,,,,,,,,,,,,,46755.0,,10.3,0.0
70,100082,0,Cash loans,M,N,N,2,180000.0,450000.0,21109.5,450000.0,Unaccompanied,Commercial associate,Higher education,Married,House / apartment,0.01885,-12009,-2844,-1377.0,-3656,,1,1,1,1,1,0,Laborers,4.0,2,2,MONDAY,12,0,0,0,0,0,0,Business Entity Type 3,0.3577065472620613,0.6865047975453018,0.3944954053123993,0.0722,0.0487,0.9826,0.762,0.0085,0.0,0.1379,0.1667,0.2083,0.0176,0.0588,0.0505,0.0,0.0,0.0735,0.0505,0.9826,0.7713,0.0086,0.0,0.1379,0.1667,0.2083,0.018,0.0643,0.0526,0.0,0.0,0.0729,0.0487,0.9826,0.7652,0.0086,0.0,0.1379,0.1667,0.2083,0.0179,0.0599,0.0514,0.0,0.0,reg oper spec account,block of flats,0.0444,Panel,No,0.0,0.0,0.0,0.0,-1003.0,0,1,0,0,0,0,0,0,0,0,0,0,0,0,0,0,0,0,0,0,0.0,0.0,0.0,1.0,0.0,2.0,,,,,5.0,12.0,-2572.0,1.0,10393996.41,2384752.41,0.0,,,,,523975.2,,11.4420405982906,5.525697115384616
71,100083,0,Cash loans,M,Y,Y,0,103500.0,573628.5,24435.0,463500.0,Unaccompanied,Working,Secondary / secondary special,Married,House / apartment,0.0096569999999999,-15406,-892,-341.0,-4176,22.0,1,1,0,1,0,0,Laborers,2.0,2,2,MONDAY,18,0,0,0,0,0,0,Business Entity Type 3,0.2707661633733818,0.7071263161734994,0.5971924268337128,0.1464,0.1291,0.9861,0.8096,0.108,0.04,0.0345,0.3333,0.375,0.0,0.1194,0.0933,0.0,0.0,0.1492,0.134,0.9861,0.8171,0.109,0.0403,0.0345,0.3333,0.375,0.0,0.1304,0.0972,0.0,0.0,0.1478,0.1291,0.9861,0.8121,0.1087,0.04,0.0345,0.3333,0.375,0.0,0.1214,0.0949,0.0,0.0,reg oper account,block of flats,0.1324,"Stone, brick",No,2.0,1.0,2.0,1.0,-2053.0,0,1,0,0,0,0,0,0,0,0,0,0,0,0,0,0,0,0,0,0,0.0,0.0,0.0,0.0,0.0,3.0,,,,,1.0,1.0,-1964.0,0.0,3237880.5,1756003.5,0.0,,,,,68560.5,,15.81,238.30200000000002
72,100084,0,Cash loans,M,N,Y,2,225000.0,495351.0,26140.5,459000.0,Unaccompanied,Working,Secondary / secondary special,Separated,House / apartment,0.02461,-14860,-1156,-23.0,-1072,,1,1,0,1,0,0,Laborers,3.0,2,2,FRIDAY,10,0,0,0,0,0,0,Business Entity Type 3,,0.5705270507243844,0.6940926425266661,0.0165,0.0,0.9727,0.626,,0.0,0.069,0.0417,,0.0249,,0.011,,0.0,0.0168,0.0,0.9727,0.6406,,0.0,0.069,0.0417,,0.0255,,0.0114,,0.0,0.0167,0.0,0.9727,0.631,,0.0,0.069,0.0417,,0.0254,,0.0112,,0.0,,block of flats,0.0093,Block,No,1.0,0.0,1.0,0.0,-1475.0,0,1,0,0,0,0,0,0,0,0,0,0,0,0,1,0,0,0,0,0,0.0,0.0,0.0,0.0,1.0,0.0,,,,,,1.0,-2152.0,0.0,98100.0,0.0,0.0,,,,,112692.85714285714,,12.977777777777776,1807.523
73,100085,0,Cash loans,M,N,Y,1,157500.0,755190.0,28894.5,675000.0,Unaccompanied,Working,Secondary / secondary special,Married,House / apartment,0.016612,-11187,-2224,-3253.0,-3723,,1,1,1,1,0,0,Drivers,3.0,2,2,WEDNESDAY,12,0,0,0,0,0,0,Business Entity Type 1,,0.3687189849837431,0.3589512285783967,,,,,,,,,,,,,,,,,,,,,,,,,,,,,,,,,,,,,,,,,,,,,,,,7.0,0.0,7.0,0.0,-1175.0,0,1,0,0,0,0,0,0,0,0,0,0,0,0,1,0,0,0,0,0,0.0,0.0,0.0,0.0,0.0,0.0,,,,,2.0,2.0,-1388.0,0.0,1427197.5,697500.0,0.0,,,,,62527.5,,10.666666666666666,0.0
74,100086,0,Cash loans,F,N,Y,1,135000.0,675000.0,21775.5,675000.0,Unaccompanied,Commercial associate,Higher education,Widow,House / apartment,0.019101,-14264,-2492,-4327.0,-4517,,1,1,0,1,0,0,Laborers,2.0,2,2,THURSDAY,12,0,0,0,0,0,0,Self-employed,,0.5698732368655826,0.1986200451074864,,,,,,,,,,,,,,,,,,,,,,,,,,,,,,,,,,,,,,,,,,,,,,,,0.0,0.0,0.0,0.0,-1597.0,0,1,0,0,0,0,0,0,0,0,0,0,0,0,0,0,0,0,0,0,0.0,0.0,0.0,1.0,4.0,2.0,,,,,4.0,2.0,-1364.0,0.0,1077934.95,404028.0,0.0,0.0,45000.0,0.0,0.0,110844.06428571428,,0.6781609195402298,0.0
75,100087,0,Cash loans,F,N,Y,1,202500.0,1288350.0,37800.0,1125000.0,Unaccompanied,Working,Secondary / secondary special,Married,House / apartment,0.003069,-17542,-2011,-1529.0,-988,,1,1,0,1,0,0,Cooking staff,3.0,3,3,FRIDAY,11,0,0,0,0,0,0,Self-employed,,0.5720641471414096,0.191821602413606,,,,,,,,,,,,,,,,,,,,,,,,,,,,,,,,,,,,,,,,,,,,,,,,2.0,1.0,2.0,1.0,-1230.0,0,1,0,0,0,0,0,0,0,0,0,0,0,0,0,0,0,0,0,0,0.0,0.0,0.0,0.0,0.0,3.0,,,,,3.0,3.0,-731.0,0.0,677005.515,285748.515,0.0,,,,,105360.3,,9.25576923076923,255.88315384615385
76,100088,0,Revolving loans,F,N,N,0,112500.0,135000.0,6750.0,135000.0,Unaccompanied,Commercial associate,Higher education,Married,House / apartment,0.0228,-19467,-4066,-4623.0,-2975,,1,1,0,1,0,0,,2.0,2,2,THURSDAY,15,0,0,0,0,0,0,School,,0.5851740300889305,0.4083588531230431,,,,,,,,,,,,,,,,,,,,,,,,,,,,,,,,,,,,,,,,,,,,,,,,0.0,0.0,0.0,0.0,-1537.0,0,0,0,0,0,0,0,0,0,0,0,0,0,0,0,0,0,0,0,0,0.0,0.0,0.0,0.0,0.0,2.0,,,,,2.0,3.0,-2736.0,0.0,1777500.0,403969.5,0.0,,,,,346950.0,,13.21923076923077,0.0
77,100089,0,Cash loans,M,N,Y,0,135000.0,337761.0,15781.5,256500.0,Unaccompanied,Working,Secondary / secondary special,Civil marriage,House / apartment,0.025164,-9666,-2811,-4437.0,-2342,,1,1,0,1,1,0,Laborers,2.0,2,2,TUESDAY,12,0,0,0,0,0,0,Self-employed,,0.5500579930157645,0.5352762504724826,0.0722,0.0752,0.6508,0.6736,0.008,0.0,0.1379,0.1667,0.2083,0.0671,0.0664,0.0639,0.0039,0.0029,0.063,0.0653,0.0,0.6864,0.0081,0.0,0.1379,0.1667,0.2083,0.0581,0.0725,0.0555,0.0039,0.0031,0.0729,0.08,0.9762,0.6779999999999999,0.0081,0.0,0.1379,0.1667,0.2083,0.0659,0.0676,0.0701,0.0039,0.003,reg oper account,block of flats,0.0472,Panel,No,2.0,0.0,2.0,0.0,-92.0,0,1,0,0,0,0,0,0,0,0,0,0,0,0,0,0,0,0,0,0,0.0,0.0,0.0,0.0,0.0,3.0,,,,,,1.0,-599.0,0.0,116545.5,0.0,0.0,,,,,192037.5,,14.23076923076923,3151.7203846153843
78,100093,0,Cash loans,F,N,Y,1,94500.0,585000.0,28273.5,585000.0,Unaccompanied,Working,Secondary / secondary special,Married,House / apartment,0.028663,-18253,-721,-1701.0,-1779,,1,1,0,1,1,0,Core staff,3.0,2,2,TUESDAY,16,0,0,0,0,0,0,Postal,0.5927009939219194,0.4885999153777029,,,,,,,,,,,,,,,,,,,,,,,,,,,,,,,,,,,,,,,,,,,,,,,,,0.0,0.0,0.0,0.0,0.0,0,1,0,0,0,0,0,0,0,0,0,0,0,0,0,0,0,0,0,0,0.0,0.0,0.0,0.0,0.0,3.0,,,,,,1.0,-557.0,0.0,90000.0,0.0,0.0,,,,,151535.7,,16.02698412698413,194.62392857142856
79,100094,0,Cash loans,F,N,Y,0,108000.0,113760.0,5301.0,90000.0,Unaccompanied,Pensioner,Higher education,Single / not married,House / apartment,0.030755,-22935,365243,-12623.0,-3442,,1,0,0,1,0,0,,1.0,2,2,THURSDAY,10,0,0,0,0,0,0,XNA,,0.5827354769124312,0.4525335592581747,0.1474,0.0669,0.9578,,,0.0,0.3103,0.2083,,0.0663,,0.1648,,0.0427,0.1502,0.0694,0.9578,,,0.0,0.3103,0.2083,,0.0679,,0.1717,,0.0452,0.1489,0.0669,0.9578,,,0.0,0.3103,0.2083,,0.0675,,0.1678,,0.0436,,block of flats,0.1584,"Stone, brick",No,3.0,0.0,3.0,0.0,-260.0,0,1,0,0,0,0,0,0,0,0,0,0,0,0,0,0,0,0,0,0,0.0,0.0,0.0,0.0,0.0,0.0,,,,,3.0,1.0,-1049.0,0.0,855000.0,611335.575,0.0,,,,,87205.5,,56.166666666666664,0.0
80,100095,0,Revolving loans,F,N,Y,2,67500.0,135000.0,6750.0,135000.0,Unaccompanied,Working,Secondary / secondary special,Married,House / apartment,0.020246,-18693,-1434,-10255.0,-2241,,1,1,0,1,1,0,Sales staff,4.0,3,3,THURSDAY,8,0,0,0,0,0,0,Trade: type 7,0.5866975916234531,0.3045061145430549,,,,,,,,,,,,,,,,,,,,,,,,,,,,,,,,,,,,,,,,,,,,,,,,,0.0,0.0,0.0,0.0,-1040.0,0,0,0,0,0,0,0,0,0,0,0,0,0,0,0,0,0,0,0,0,,,,,,,,,,,,,,,,,,,,,,33685.5,,25.833333333333332,0.0
81,100096,1,Cash loans,F,N,Y,0,81000.0,252000.0,14593.5,252000.0,Unaccompanied,Pensioner,Secondary / secondary special,Married,House / apartment,0.028663,-24794,365243,-5391.0,-4199,,1,0,0,1,0,0,,2.0,2,2,THURSDAY,10,0,0,0,0,0,0,XNA,,0.0239523667712844,0.7209441499436497,,,,,,,,,,,,,,,,,,,,,,,,,,,,,,,,,,,,,,,,,,,,,,,,1.0,1.0,1.0,1.0,0.0,0,0,0,0,1,0,0,0,0,0,0,0,0,0,0,0,0,0,0,0,0.0,0.0,0.0,0.0,0.0,0.0,,,,,,1.0,-2922.0,0.0,65610.0,0.0,0.0,,,,,,,,
82,100097,0,Cash loans,M,Y,Y,0,157500.0,760225.5,30280.5,679500.0,Unaccompanied,Working,Secondary / secondary special,Married,House / apartment,0.035792,-17527,-2442,-3500.0,-983,20.0,1,1,0,1,0,0,,2.0,2,2,THURSDAY,10,0,0,0,0,1,1,Business Entity Type 3,,0.3573422337147276,0.6446794549585961,,,,,,,,,,,,,,,,,,,,,,,,,,,,,,,,,,,,,,,,,,,,,,,,6.0,0.0,6.0,0.0,-371.0,0,1,0,0,0,0,0,0,0,0,0,0,0,0,0,0,0,0,0,0,0.0,0.0,1.0,0.0,0.0,0.0,,,,,1.0,2.0,-2726.0,0.0,319293.18,86526.0,0.0,,,,,87727.5,,29.163636363636364,0.0
83,100098,0,Revolving loans,M,Y,N,0,225000.0,270000.0,13500.0,270000.0,Unaccompanied,Working,Secondary / secondary special,Civil marriage,House / apartment,0.01885,-17390,-924,-7211.0,-907,1.0,1,1,0,1,0,0,Drivers,2.0,2,2,WEDNESDAY,9,0,0,0,0,0,0,Transport: type 3,,0.5970811533321667,,,,,,,,,,,,,,,,,,,,,,,,,,,,,,,,,,,,,,,,,,,,,,,,,0.0,0.0,0.0,0.0,-617.0,0,0,0,0,0,0,0,0,0,0,0,0,0,0,0,0,0,0,0,0,,,,,,,,,,,,,,,,,,,,,,55739.57142857143,,7.708333333333333,0.0
84,100099,0,Cash loans,F,N,Y,0,360000.0,733315.5,41076.0,679500.0,Unaccompanied,Pensioner,Secondary / secondary special,Separated,House / apartment,0.009175,-23032,365243,-9506.0,-793,,1,0,0,1,0,0,,1.0,2,2,THURSDAY,12,1,0,0,0,0,0,XNA,,0.6605789818593445,0.3425288720742255,0.0454,0.0108,0.9742,,,0.0,0.1034,0.125,,0.0292,,0.036,,0.0148,0.0462,0.0112,0.9742,,,0.0,0.1034,0.125,,0.0299,,0.0375,,0.0157,0.0458,0.0108,0.9742,,,0.0,0.1034,0.125,,0.0297,,0.0367,,0.0152,,block of flats,0.0315,"Stone, brick",No,4.0,0.0,4.0,0.0,0.0,0,1,0,0,0,0,0,0,0,0,0,0,0,0,0,0,0,0,0,0,0.0,0.0,0.0,0.0,0.0,3.0,,,,,5.0,5.0,-1504.0,0.0,2692174.5,185535.0,0.0,,,,,653234.69625,,13.333333333333334,185.95350000000002
85,100100,0,Cash loans,M,Y,Y,2,202500.0,796396.5,38443.5,643500.0,Unaccompanied,Working,Higher education,Married,House / apartment,0.008019,-15909,-1094,-3134.0,-4180,65.0,1,1,0,1,0,1,Managers,4.0,2,2,FRIDAY,17,0,0,0,0,1,1,Industry: type 11,0.4476751393608083,0.495765140717496,0.8245949709919925,,,,,,,,,,,,,,,,,,,,,,,,,,,,,,,,,,,,,,,,,,,,,,,,0.0,0.0,0.0,0.0,-1876.0,0,1,0,0,0,0,0,0,0,0,0,0,0,0,0,0,0,0,0,0,0.0,0.0,0.0,0.0,0.0,2.0,0.0,30.0,8.0,0.0,,5.0,-2830.0,0.0,3163743.45,0.0,0.0,0.0,45000.0,0.0,0.0,137855.7,,10.601238095238095,562.5251999999999
86,100101,0,Cash loans,F,Y,Y,0,202500.0,343377.0,22072.5,283500.0,Unaccompanied,State servant,Higher education,Single / not married,House / apartment,0.072508,-18138,-969,-7421.0,-1681,5.0,1,1,0,1,0,0,High skill tech staff,1.0,1,1,WEDNESDAY,13,0,0,0,0,0,0,Business Entity Type 1,,0.7162122102538987,,,,,,,,,,,,,,,,,,,,,,,,,,,,,,,,,,,,,,,,,,,,,,,,,0.0,0.0,0.0,0.0,-1585.0,0,0,0,0,0,0,1,0,0,0,0,0,0,0,0,0,0,0,0,0,,,,,,,,,,,,,,,,,,491449.095,630000.0,29279.61,1.0,178243.2,,13.22870879120879,-3263.6748214285712
87,100102,0,Cash loans,F,N,N,1,126000.0,327024.0,10264.5,270000.0,Unaccompanied,Working,Secondary / secondary special,Single / not married,House / apartment,0.02461,-14321,-192,-6913.0,-5942,,1,1,0,1,1,0,Laborers,2.0,2,2,SUNDAY,13,0,0,0,0,0,0,Transport: type 4,0.4147940693543055,0.6611083077510267,0.4776491548517548,0.0041,,0.9722,0.6192,,,0.0345,0.0,0.0417,0.0144,0.0034,0.0048,0.0,0.0,0.0042,,0.9722,0.6341,,,0.0345,0.0,0.0417,0.0147,0.0037,0.005,0.0,0.0,0.0042,,0.9722,0.6243,,,0.0345,0.0,0.0417,0.0146,0.0034,0.0049,0.0,0.0,reg oper account,block of flats,0.0083,Others,No,1.0,0.0,1.0,0.0,-2.0,0,1,0,0,0,0,0,0,0,0,0,0,0,0,1,0,0,0,0,0,0.0,0.0,0.0,6.0,0.0,0.0,,,,,2.0,3.0,-1554.0,0.0,1473232.5,694314.0,0.0,,,,,,,,
88,100103,0,Cash loans,F,N,Y,0,72000.0,450000.0,16965.0,450000.0,Unaccompanied,Working,Secondary / secondary special,Married,House / apartment,0.009175,-21112,-1694,-6057.0,-4013,,1,1,1,1,0,0,,2.0,2,2,FRIDAY,12,0,0,0,0,0,0,School,,0.7180575365896832,0.511891801533151,,,,,,,,,,,,,,,,,,,,,,,,,,,,,,,,,,,,,,,,,,,,,,,,4.0,0.0,4.0,0.0,0.0,0,1,0,0,0,0,0,0,0,0,0,0,0,0,0,0,0,0,0,0,0.0,0.0,0.0,0.0,0.0,0.0,0.0,12.0,0.0,0.0,1.0,2.0,-2259.0,0.0,445834.35,12307.5,0.0,,,,,112792.5,,1.8888888888888888,1568.0525
89,100104,0,Cash loans,F,N,Y,0,90000.0,547344.0,30690.0,472500.0,Unaccompanied,Working,Secondary / secondary special,Married,House / apartment,0.022625,-18556,-862,-6769.0,-2045,,1,1,0,1,1,0,Waiters/barmen staff,2.0,2,2,WEDNESDAY,17,0,0,0,0,0,0,Business Entity Type 3,0.7631370618175837,0.6446273721560554,,,,,,,,,,,,,,,,,,,,,,,,,,,,,,,,,,,,,,,,,,,,,,,,,1.0,0.0,1.0,0.0,-2591.0,0,1,0,0,0,0,0,0,0,0,0,0,0,0,0,0,0,0,0,0,0.0,0.0,0.0,0.0,0.0,1.0,,,,,,1.0,-2283.0,0.0,765000.0,0.0,0.0,,,,,29506.5,,-10.058823529411764,1216.270588235294
90,100105,0,Cash loans,F,N,Y,0,193500.0,225000.0,23755.5,225000.0,Unaccompanied,Working,Secondary / secondary special,Married,House / apartment,0.031329,-19810,-8862,-4493.0,-3043,,1,1,1,1,1,0,Managers,2.0,2,2,TUESDAY,11,0,0,0,0,0,0,Government,0.765153942091246,0.2547599571469118,0.4118485559242397,,,,,,,,,,,,,,,,,,,,,,,,,,,,,,,,,,,,,,,,,,,,,,,,0.0,0.0,0.0,0.0,-1733.0,0,1,0,0,0,0,0,0,0,0,0,0,0,0,0,0,0,0,0,0,0.0,0.0,0.0,0.0,2.0,4.0,,,,,1.0,5.0,-1724.0,0.0,1663635.42,18774.0,0.0,,,,,107790.10714285714,,6.968187830687831,2233.570848214286
91,100108,0,Cash loans,F,N,Y,3,171000.0,545040.0,31288.5,450000.0,Unaccompanied,Working,Secondary / secondary special,Married,House / apartment,0.006629,-12780,-1415,-5146.0,-870,,1,1,1,1,1,0,Sales staff,5.0,2,2,WEDNESDAY,11,0,0,0,0,1,1,Business Entity Type 3,,0.7566679797246073,0.6413682574954046,,,,,,,,,,,,,,,,,,,,,,,,,,,,,,,,,,,,,,,,,,,,,,,,3.0,0.0,3.0,0.0,-546.0,0,1,0,0,0,0,0,0,0,0,0,0,0,0,0,0,0,0,0,0,0.0,0.0,0.0,0.0,0.0,0.0,,,,,2.0,1.0,-2519.0,0.0,648661.5,40878.0,0.0,,,,,125955.0,,28.166666666666668,0.0
92,100110,0,Cash loans,M,Y,Y,3,135000.0,373140.0,25065.0,337500.0,Unaccompanied,Commercial associate,Secondary / secondary special,Married,House / apartment,0.035792,-10744,-741,-442.0,-2381,21.0,1,1,0,1,0,0,Laborers,5.0,2,2,WEDNESDAY,9,0,0,0,0,1,1,Housing,,0.6405493008893001,0.3280631605201915,,,,,,,,,,,,,,,,,,,,,,,,,,,,,,,,,,,,,,,,,,,,,,,,0.0,0.0,0.0,0.0,0.0,0,1,0,0,0,0,0,0,0,0,0,0,0,0,0,0,0,0,0,0,0.0,0.0,0.0,0.0,1.0,2.0,0.0,24.0,20.0,0.0,1.0,,-86.0,0.0,65511.0,52820.595,0.0,0.0,135000.0,0.0,0.0,68442.75,,17.866666666666667,0.0
93,100111,0,Cash loans,F,Y,N,1,112500.0,862560.0,27954.0,720000.0,Unaccompanied,Commercial associate,Secondary / secondary special,Married,With parents,0.0228,-10485,-1249,-4628.0,-3110,17.0,1,1,0,1,0,0,Sales staff,3.0,2,2,MONDAY,11,0,0,0,0,0,0,Business Entity Type 3,0.5633231337420023,0.608604105963283,0.228883416700673,0.2619,0.1186,0.9876,0.83,,0.32,0.2759,0.3333,0.375,0.0856,,0.2675,,0.1749,0.2668,0.1231,0.9876,0.8367,,0.3222,0.2759,0.3333,0.375,0.0876,,0.2787,,0.1852,0.2644,0.1186,0.9876,0.8323,,0.32,0.2759,0.3333,0.375,0.0871,,0.2723,,0.1786,reg oper account,block of flats,0.2576,"Stone, brick",No,1.0,0.0,1.0,0.0,-1234.0,0,1,0,0,0,0,0,0,0,0,0,0,0,0,0,0,0,0,0,0,0.0,0.0,0.0,0.0,0.0,0.0,,,,,3.0,9.0,-2257.0,1.0,2505821.715,104072.31,0.0,,,,,90984.6825,,14.440952380952382,515.1342857142857
94,100112,1,Cash loans,M,Y,Y,0,315000.0,953460.0,64107.0,900000.0,Family,Commercial associate,Incomplete higher,Single / not married,With parents,0.030755,-10199,-2015,-4802.0,-1038,2.0,1,1,0,1,0,0,,1.0,2,2,SUNDAY,13,0,0,0,0,1,1,Industry: type 4,,0.4323402118056743,0.0774985464900651,,,,,,,,,,,,,,,,,,,,,,,,,,,,,,,,,,,,,,,,,,,,,,,,0.0,0.0,0.0,0.0,-591.0,0,1,0,0,0,0,0,0,0,0,0,0,0,0,0,0,0,0,0,0,0.0,0.0,0.0,0.0,0.0,2.0,,,,,2.0,,-305.0,0.0,130500.0,85648.5,0.0,,,,,79239.375,,17.816666666666666,-3750.0
95,100113,0,Cash loans,M,Y,N,0,76500.0,135000.0,6696.0,135000.0,Unaccompanied,Working,Secondary / secondary special,Single / not married,House / apartment,0.028663,-15137,-7980,-9176.0,-4576,11.0,1,1,1,1,0,0,Low-skill Laborers,1.0,2,2,MONDAY,10,0,0,0,0,0,0,Agriculture,0.4757617930038634,0.5930185238421518,0.7898803468924867,,,,,,,,,,,,,,,,,,,,,,,,,,,,,,,,,,,,,,,,,,,,,,,,0.0,0.0,0.0,0.0,-1981.0,0,1,0,0,0,0,0,0,0,0,0,0,0,0,0,0,0,0,0,0,0.0,0.0,0.0,0.0,0.0,2.0,,,,,2.0,1.0,-1981.0,0.0,610722.0,401368.5,0.0,,,,,52052.625,,-10.726190476190474,353.66464285714295
96,100114,0,Cash loans,F,N,Y,0,135000.0,284400.0,22599.0,225000.0,Unaccompanied,Commercial associate,Higher education,Single / not married,House / apartment,0.030755,-10734,-693,-7913.0,-1362,,1,1,0,1,0,0,Laborers,1.0,2,2,MONDAY,14,0,0,0,1,1,0,Restaurant,0.3957242668511344,0.1549370735653434,0.2650494299443805,,,,,,,,,,,,,,,,,,,,,,,,,,,,,,,,,,,,,,,,,,,,,,,,0.0,0.0,0.0,0.0,-227.0,0,1,0,0,0,0,0,0,0,0,0,0,0,0,0,0,0,0,0,0,0.0,0.0,0.0,0.0,0.0,2.0,0.0,12.0,6.0,0.0,2.0,2.0,-1075.0,0.0,233777.88,45634.5,0.0,0.0,135000.0,0.0,0.0,62842.5,,7.2,2497.8779999999997
97,100115,0,Cash loans,F,N,N,0,90000.0,315000.0,14683.5,315000.0,"Spouse, partner",Working,Secondary / secondary special,Married,House / apartment,0.028663,-15371,-367,-3071.0,-4211,,1,1,1,1,1,0,,2.0,2,2,SUNDAY,11,0,0,0,0,1,1,Business Entity Type 3,,0.3343001962973505,,0.0247,0.0,0.9707,,,0.0,0.1034,0.0417,,0.0671,,0.0243,,0.0,0.0252,0.0,0.9707,,,0.0,0.1034,0.0417,,0.0686,,0.0253,,0.0,0.025,0.0,0.9707,,,0.0,0.1034,0.0417,,0.0682,,0.0248,,0.0,,block of flats,0.021,Block,No,0.0,0.0,0.0,0.0,-40.0,0,1,0,0,0,0,0,0,0,0,0,0,0,0,0,0,0,0,0,0,0.0,0.0,0.0,0.0,2.0,2.0,,,,,,1.0,-2899.0,0.0,18513.0,0.0,0.0,,,,,40826.25,,5.416666666666667,0.0
98,100116,0,Cash loans,F,N,Y,0,243000.0,900000.0,32017.5,900000.0,Unaccompanied,Working,Higher education,Married,House / apartment,0.010006,-14751,-6737,-3390.0,-4788,,1,1,0,1,0,1,Core staff,2.0,2,1,THURSDAY,11,0,0,0,0,1,1,Kindergarten,0.6712718925800566,0.7002735745029195,0.0710551246687366,0.1474,0.4212,0.9975,0.966,,0.12,0.1034,0.375,0.375,0.0135,0.1059,0.186,0.0656,0.1969,0.1502,0.4371,0.9975,0.9673,,0.1208,0.1034,0.375,0.375,0.0138,0.1157,0.1937,0.0661,0.2084,0.1489,0.4212,0.9975,0.9665,,0.12,0.1034,0.375,0.375,0.0138,0.1077,0.1893,0.066,0.201,reg oper spec account,block of flats,0.217,"Stone, brick",No,2.0,0.0,2.0,0.0,-1083.0,0,1,0,0,0,0,0,0,0,0,0,0,0,0,0,0,0,0,0,0,0.0,0.0,0.0,0.0,0.0,0.0,,,,,8.0,9.0,-2908.0,0.0,7638393.6,2430413.82,0.0,,,,,215211.75,,16.469268077601413,-413.76159523809474
99,100118,0,Cash loans,F,N,Y,0,90000.0,675000.0,26541.0,675000.0,Unaccompanied,Pensioner,Secondary / secondary special,Widow,House / apartment,0.026392,-22471,365243,-217.0,-4323,,1,0,0,1,0,0,,1.0,2,2,TUESDAY,15,0,0,0,0,0,0,XNA,,0.6263029188866104,,0.1361,0.0761,0.996,0.9456,0.0525,0.14,0.1207,0.375,0.0417,0.0814,0.1097,0.1539,0.0058,0.0168,0.0777,0.04,0.996,0.9477,0.0295,0.0806,0.069,0.375,0.0417,0.0501,0.0652,0.0788,0.0,0.0,0.1374,0.0761,0.996,0.9463,0.0529,0.14,0.1207,0.375,0.0417,0.0828,0.1116,0.1567,0.0058,0.0172,reg oper account,block of flats,0.2241,Panel,No,3.0,2.0,3.0,1.0,0.0,0,0,0,0,1,0,0,0,0,0,0,0,0,0,0,0,0,0,0,0,,,,,,,,,,,,,,,,,,,,,,181172.7,,5.6,0.0
100,100119,0,Revolving loans,F,N,Y,0,54000.0,180000.0,9000.0,180000.0,Unaccompanied,Working,Secondary / secondary special,Married,House / apartment,0.015221,-11142,-2419,-4987.0,-467,,1,1,0,1,0,0,Medicine staff,2.0,2,2,SATURDAY,16,0,0,0,0,0,0,Medicine,,0.5002642944981995,0.0774985464900651,,,,,,,,,,,,,,,,,,,,,,,,,,,,,,,,,,,,,,,,,,,,,,,,0.0,0.0,0.0,0.0,-149.0,0,0,0,0,0,0,0,0,0,0,0,0,0,0,0,0,0,0,0,0,0.0,0.0,0.0,0.0,0.0,0.0,,,,,4.0,4.0,-2700.0,0.0,856227.69,354735.405,0.0,,,,,34020.0,,8.5,0.0
101,100120,0,Cash loans,F,N,N,0,135000.0,781920.0,28215.0,675000.0,Unaccompanied,Working,Higher education,Married,House / apartment,0.0196889999999999,-9650,-2953,-4329.0,-367,,1,1,1,1,0,0,Core staff,2.0,2,2,FRIDAY,15,0,0,0,0,1,1,Government,0.2543516601822173,0.1699529509371729,0.1214082861631216,,,,,,,,,,,,,,,,,,,,,,,,,,,,,,,,,,,,,,,,,,,,,,,,1.0,0.0,1.0,0.0,-17.0,0,1,0,0,0,0,0,0,0,0,0,0,0,0,0,0,0,0,0,0,0.0,0.0,0.0,0.0,0.0,0.0,,,,,2.0,,-610.0,0.0,368910.0,108837.0,166.5,,,,,0.0,,,
102,100121,0,Cash loans,M,N,Y,0,126000.0,787131.0,26145.0,679500.0,Unaccompanied,Working,Secondary / secondary special,Married,With parents,0.018209,-16798,-669,-9388.0,-347,,1,1,1,1,1,0,Low-skill Laborers,2.0,3,3,FRIDAY,7,0,0,0,0,0,0,Business Entity Type 2,,0.5861504130199274,0.5814837058057234,,0.1117,0.9781,,,,0.2069,0.1667,,,,0.0987,,,,0.1159,0.9782,,,,0.2069,0.1667,,,,0.1028,,,,0.1117,0.9781,,,,0.2069,0.1667,,,,0.1004,,,,,0.0776,Panel,No,5.0,2.0,5.0,2.0,-319.0,0,1,0,0,0,0,0,0,0,0,0,0,0,0,0,0,0,0,0,0,1.0,1.0,0.0,0.0,0.0,1.0,,,,,,1.0,-242.0,0.0,70571.115,0.0,0.0,,,,,34705.485,,4.7749999999999995,494.6582142857142
103,100122,0,Cash loans,F,N,N,1,76500.0,808650.0,26217.0,675000.0,Unaccompanied,Commercial associate,Higher education,Married,With parents,0.0228,-10954,-2469,-550.0,-596,,1,1,0,1,1,0,Core staff,3.0,2,2,TUESDAY,11,0,0,0,0,0,0,Other,0.4055643396822132,0.0472914244045298,0.4066174366275036,0.3887,0.2438,0.999,0.9864,0.1221,0.4264,0.1838,0.5833,0.625,0.1498,0.2564,0.3606,0.278,0.0267,0.2174,0.2108,0.999,0.9869,0.0678,0.2417,0.1034,0.5833,0.625,0.0965,0.1534,0.225,0.1556,0.0133,0.3872,0.2032,0.999,0.9866,0.1201,0.4,0.1724,0.5833,0.625,0.104,0.2608,0.3475,0.2601,0.0234,reg oper account,block of flats,0.2094,Panel,No,5.0,1.0,5.0,1.0,-663.0,0,1,0,0,0,0,0,0,0,0,0,0,0,0,0,0,0,0,0,0,0.0,0.0,0.0,0.0,0.0,0.0,,,,,3.0,,-545.0,0.0,630000.0,0.0,0.0,,,,,1158750.0,,1.3846153846153846,1278.8480769230773
104,100123,0,Cash loans,F,N,N,0,103500.0,675000.0,19737.0,675000.0,Unaccompanied,Working,Secondary / secondary special,Widow,House / apartment,0.020246,-23719,-8466,-3917.0,-4036,,1,1,1,1,0,0,Security staff,1.0,3,3,SATURDAY,16,0,0,0,0,0,0,Medicine,,0.3993660764222056,0.6738300778602003,0.0567,0.0629,0.9732,0.6328,0.0484,0.0,0.1034,0.1667,0.2083,0.0314,0.042,0.0308,0.0193,0.0148,0.0578,0.0652,0.9732,0.6472,0.0488,0.0,0.1034,0.1667,0.2083,0.0322,0.0459,0.0321,0.0195,0.0156,0.0573,0.0629,0.9732,0.6377,0.0487,0.0,0.1034,0.1667,0.2083,0.032,0.0428,0.0313,0.0194,0.0151,reg oper account,block of flats,0.0396,"Stone, brick",No,0.0,0.0,0.0,0.0,-1689.0,0,1,0,0,0,0,0,0,0,0,0,0,0,0,0,0,0,0,0,0,0.0,0.0,0.0,0.0,0.0,2.0,,,,,3.0,3.0,-2508.0,0.0,1223773.1099999999,527287.4550000001,0.0,,,,,168971.625,,9.993357487922705,0.0
105,100124,0,Cash loans,M,N,Y,0,225000.0,448272.0,28647.0,396000.0,Unaccompanied,Pensioner,Secondary / secondary special,Widow,House / apartment,0.072508,-24051,365243,-7040.0,-4053,,1,0,0,1,1,1,,1.0,1,1,WEDNESDAY,17,0,0,0,0,0,0,XNA,,0.7103178570703124,0.5549467685334323,0.2959,0.1785,0.9786,0.7076,0.0,0.32,0.2759,0.3333,0.375,0.0,0.2412,0.2693,0.0,0.0061,0.3015,0.1853,0.9786,0.7190000000000001,0.0,0.3222,0.2759,0.3333,0.375,0.0,0.2635,0.2805,0.0,0.0064,0.2987,0.1785,0.9786,0.7115,0.0,0.32,0.2759,0.3333,0.375,0.0,0.2454,0.2741,0.0,0.0062,reg oper account,block of flats,0.2131,Panel,No,0.0,0.0,0.0,0.0,-1080.0,0,0,0,0,1,0,0,0,0,0,0,0,0,0,0,0,0,0,0,0,0.0,0.0,0.0,0.0,1.0,8.0,,,,,,2.0,-833.0,0.0,742500.0,0.0,0.0,,,,,123819.92307692308,,16.37641723356009,240.08553571428567
106,100125,0,Cash loans,F,N,N,0,126000.0,263686.5,26208.0,238500.0,Unaccompanied,Pensioner,Secondary / secondary special,Married,House / apartment,0.009549,-21613,365243,-2376.0,-2434,,1,0,0,1,1,0,,2.0,2,2,MONDAY,11,0,0,0,0,0,0,XNA,,0.5713305828391398,0.5549467685334323,,,,,,,,,,,,,,,,,,,,,,,,,,,,,,,,,,,,,,,,,,,,,,,,0.0,0.0,0.0,0.0,-1165.0,0,0,0,0,1,0,0,0,0,0,0,0,0,0,0,0,0,0,0,0,0.0,0.0,0.0,0.0,0.0,2.0,,,,,1.0,1.0,-1545.0,0.0,243499.5,8559.0,0.0,,,,,158996.81999999998,,21.24814814814815,-566.5633333333335
107,100126,0,Revolving loans,M,N,Y,2,135000.0,180000.0,9000.0,180000.0,Family,Working,Secondary / secondary special,Married,House / apartment,0.04622,-12900,-782,-2124.0,-3888,,1,1,1,1,0,0,,4.0,1,1,FRIDAY,21,0,0,0,0,1,1,Transport: type 4,,0.7050933282515942,0.5744466170995097,0.0165,0.0309,0.9732,,,,0.069,0.0417,,,,0.0126,,,0.0168,0.0321,0.9732,,,,0.069,0.0417,,,,0.0131,,,0.0167,0.0309,0.9732,,,,0.069,0.0417,,,,0.0128,,,,block of flats,0.0099,"Stone, brick",No,1.0,1.0,1.0,1.0,-1091.0,0,0,0,0,0,0,0,0,0,0,0,0,0,0,0,0,0,0,0,0,0.0,0.0,0.0,0.0,0.0,0.0,,,,,1.0,4.0,-1258.0,0.0,1041750.0,685741.5,0.0,,,,,180002.25,,18.464285714285715,-2312.739642857143
108,100127,0,Cash loans,M,N,Y,0,112500.0,52128.0,5341.5,45000.0,Unaccompanied,Pensioner,Secondary / secondary special,Married,House / apartment,0.02461,-21341,365243,-10150.0,-1403,,1,0,0,1,1,0,,2.0,2,2,FRIDAY,7,0,0,0,0,0,0,XNA,,0.6870034445422084,,0.0742,0.0,0.9861,0.8096,,0.08,0.069,0.3333,0.0417,0.0435,0.0605,0.0736,0.0,0.0,0.0756,0.0,0.9861,0.8171,,0.0806,0.069,0.3333,0.0417,0.0445,0.0661,0.0766,0.0,0.0,0.0749,0.0,0.9861,0.8121,,0.08,0.069,0.3333,0.0417,0.0443,0.0616,0.0749,0.0,0.0,reg oper account,block of flats,0.0766,Panel,No,0.0,0.0,0.0,0.0,-2279.0,0,0,0,0,1,0,0,0,0,0,0,0,0,0,0,0,0,0,0,0,,,,,,,,,,,,,,,,,,,,,,23940.0,,0.04201680672268915,-1123.1629411764707
109,100129,0,Revolving loans,F,Y,Y,1,85500.0,135000.0,6750.0,135000.0,Unaccompanied,Working,Higher education,Married,House / apartment,0.018029,-9415,-225,-4066.0,-2104,5.0,1,1,0,0,0,0,,3.0,3,2,MONDAY,8,0,0,0,0,0,0,Business Entity Type 1,0.4795441447548665,0.6102072901939566,,,,,,,,,,,,,,,,,,,,,,,,,,,,,,,,,,,,,,,,,,,,,,,,,0.0,0.0,0.0,0.0,0.0,0,1,0,0,0,0,0,0,0,0,0,1,0,0,0,0,0,0,0,0,1.0,0.0,0.0,0.0,0.0,0.0,,,,,1.0,,-914.0,0.0,10327500.0,10048887.0,0.0,,,,,,,,
110,100130,1,Cash loans,F,N,Y,1,157500.0,723996.0,30802.5,585000.0,Unaccompanied,Commercial associate,Incomplete higher,Separated,House / apartment,0.0072739999999999,-10526,-267,-387.0,-3190,,1,1,0,1,1,0,Sales staff,2.0,2,2,SUNDAY,12,0,1,1,0,1,1,Trade: type 2,,0.2820694905045227,0.1206410299309233,0.1485,0.0604,0.9881,0.8368,0.0882,0.04,0.0345,0.3333,0.375,0.1368,0.1202,0.1012,0.0039,0.0027,0.1513,0.0627,0.9881,0.8432,0.089,0.0403,0.0345,0.3333,0.375,0.1399,0.1313,0.1055,0.0039,0.0029,0.1499,0.0604,0.9881,0.8390000000000001,0.0888,0.04,0.0345,0.3333,0.375,0.1392,0.1223,0.103,0.0039,0.0028,reg oper account,block of flats,0.1284,"Stone, brick",No,0.0,0.0,0.0,0.0,-56.0,0,1,0,0,0,0,0,0,0,0,0,0,0,0,0,0,0,0,0,0,0.0,0.0,0.0,0.0,0.0,0.0,0.0,10.0,10.0,0.0,1.0,,-96.0,0.0,225000.0,156483.0,0.0,,,,,104991.75,,48.5,0.0
111,100131,0,Cash loans,F,N,Y,0,270000.0,891072.0,45625.5,720000.0,Unaccompanied,Commercial associate,Secondary / secondary special,Single / not married,House / apartment,0.072508,-13830,-1169,-7953.0,-4802,,1,1,0,1,0,0,Realty agents,1.0,1,1,THURSDAY,15,0,0,0,0,0,0,Other,0.3394026084270504,0.7079724741176917,0.4525335592581747,0.1423,0.0785,0.9841,0.7824,0.2632,0.24,0.1034,0.4583,0.5,0.0216,0.111,0.1627,0.0232,0.0479,0.145,0.0814,0.9841,0.7909,0.2656,0.2417,0.1034,0.4583,0.5,0.0221,0.1212,0.1695,0.0233,0.0507,0.1436,0.0785,0.9841,0.7853,0.2649,0.24,0.1034,0.4583,0.5,0.022,0.1129,0.1656,0.0233,0.0489,reg oper account,block of flats,0.1439,Panel,No,2.0,1.0,2.0,1.0,-734.0,0,1,0,0,0,0,0,0,0,0,0,0,0,0,0,0,0,0,0,0,0.0,0.0,0.0,0.0,0.0,4.0,,,,,2.0,,-875.0,0.0,679500.0,678262.5,0.0,833190.255,810000.0,40500.0,2.0,112500.0,,7.773809523809524,-7000.665
112,100132,0,Cash loans,F,N,Y,0,202500.0,1136439.0,73611.0,1089000.0,Unaccompanied,Commercial associate,Secondary / secondary special,Widow,House / apartment,0.032561,-23656,-968,-14666.0,-4456,,1,1,0,1,1,0,Cleaning staff,1.0,1,1,TUESDAY,14,0,0,0,0,0,0,Business Entity Type 2,0.7748801671358985,0.7112888072636568,0.5971924268337128,0.332,,0.9801,,,0.36,0.3103,0.3333,,0.2208,,0.3263,,0.0478,0.3382,,0.9801,,,0.3625,0.3103,0.3333,,0.2259,,0.34,,0.0506,0.3352,,0.9801,,,0.36,0.3103,0.3333,,0.2247,,0.3322,,0.0488,,block of flats,0.267,Panel,No,0.0,0.0,0.0,0.0,-905.0,0,1,0,0,0,0,0,0,0,0,0,0,0,0,0,0,0,0,0,0,0.0,0.0,0.0,0.0,0.0,1.0,,,,,1.0,,-356.0,0.0,675000.0,95697.0,0.0,,,,,265531.5,,13.527777777777779,0.0
113,100133,0,Cash loans,F,N,N,0,67500.0,384048.0,18810.0,270000.0,Unaccompanied,Working,Secondary / secondary special,Civil marriage,With parents,0.002134,-9207,-1043,-4069.0,-1882,,1,1,0,1,0,0,Core staff,2.0,3,3,WEDNESDAY,10,0,0,0,0,1,1,Government,0.5486469663609839,0.3167548800416005,,,,,,,,,,,,,,,,,,,,,,,,,,,,,,,,,,,,,,,,,,,,,,,,,0.0,0.0,0.0,0.0,-591.0,0,1,0,0,0,0,0,0,0,0,0,0,0,0,0,0,0,0,0,0,,,,,,,0.0,12.0,0.0,0.0,,,,,,,,,,,,48301.5,,7.772727272727273,823.5882692307691
114,100134,0,Revolving loans,F,N,N,0,202500.0,180000.0,9000.0,180000.0,Unaccompanied,Commercial associate,Secondary / secondary special,Married,House / apartment,0.018634,-10085,-465,-9649.0,-1666,,1,1,0,0,0,0,Secretaries,2.0,2,2,MONDAY,17,0,0,0,0,0,0,Medicine,0.3291857814541987,0.7492408359410063,0.6940926425266661,,,0.9816,,,,,,,,,0.2365,,,,,0.9816,,,,,,,,,0.2464,,,,,0.9816,,,,,,,,,0.2407,,,,,0.2688,,No,4.0,0.0,4.0,0.0,0.0,0,1,0,0,0,0,0,0,0,0,0,0,0,0,0,0,0,0,0,0,0.0,0.0,0.0,0.0,0.0,0.0,,,,,2.0,2.0,-1596.0,0.0,1020408.21,2970.99,0.0,,,,,,,,
115,100135,0,Cash loans,M,N,Y,0,135000.0,391194.0,26271.0,319500.0,Unaccompanied,Commercial associate,Secondary / secondary special,Married,House / apartment,0.00733,-19829,-215,-4730.0,-3368,,1,1,0,1,0,0,Laborers,2.0,2,2,SATURDAY,10,1,1,0,1,1,0,Business Entity Type 3,,0.7206401576263843,0.3201633668633456,,,,,,,,,,,,,,,,,,,,,,,,,,,,,,,,,,,,,,,,,,,,,,,,0.0,0.0,0.0,0.0,-1209.0,0,1,0,0,0,0,0,0,0,0,0,0,0,0,0,0,0,0,0,0,0.0,0.0,0.0,0.0,0.0,5.0,0.0,48.0,37.0,0.0,2.0,,-238.0,0.0,251019.0,181584.0,0.0,0.0,9000.0,0.0,0.0,126672.75,,23.26851851851852,-3755.84125
116,100136,0,Cash loans,M,Y,N,1,157500.0,1571931.0,49356.0,1435500.0,Unaccompanied,State servant,Secondary / secondary special,Married,House / apartment,0.04622,-15949,-239,-1146.0,-4321,9.0,1,1,0,1,1,1,Laborers,3.0,1,1,SUNDAY,13,0,0,0,0,0,0,Business Entity Type 3,,0.6820166294931829,,0.5351,0.0118,0.998,0.9728,0.2781,0.68,0.2759,0.6667,0.5,0.0749,0.4194,0.5357,0.0772,0.5209,0.5452,0.0122,0.998,0.9739,0.2807,0.6848,0.2759,0.6667,0.5,0.0766,0.4582,0.5582,0.0778,0.5514,0.5402,0.0118,0.998,0.9732,0.2799,0.68,0.2759,0.6667,0.5,0.0762,0.4267,0.5453,0.0776,0.5318,reg oper spec account,block of flats,0.701,Monolithic,No,0.0,0.0,0.0,0.0,-2397.0,0,1,0,0,0,0,0,0,0,0,0,0,0,0,0,0,0,0,0,0,0.0,0.0,0.0,0.0,0.0,1.0,,,,,1.0,,-8.0,0.0,2313877.5,2313877.5,0.0,,,,,632247.75,,8.865,2617.4970000000003
117,100137,0,Cash loans,F,Y,Y,0,225000.0,891072.0,45625.5,720000.0,Family,Pensioner,Secondary / secondary special,Married,House / apartment,0.020246,-20284,365243,-1990.0,-2556,2.0,1,0,0,1,0,0,,2.0,3,3,FRIDAY,8,0,0,0,0,0,0,XNA,0.8864868897220826,0.0867193865852445,,,,,,,,,,,,,,,,,,,,,,,,,,,,,,,,,,,,,,,,,,,,,,,,,12.0,0.0,12.0,0.0,0.0,0,0,0,0,1,0,0,0,0,0,0,0,0,0,0,0,0,0,0,0,,,,,,,,,,,,,,,,,,,,,,319459.0909090909,,9.010714285714286,-14166.964285714286
118,100138,0,Cash loans,M,Y,N,0,135000.0,824823.0,29223.0,688500.0,Unaccompanied,Pensioner,Higher education,Married,House / apartment,0.04622,-14339,365243,-1104.0,-4620,5.0,1,0,0,1,0,0,,2.0,1,1,TUESDAY,14,0,0,0,0,0,0,XNA,0.6674963344753486,0.6075618184170141,0.5726825047161584,0.3247,,,,,0.56,0.2414,0.625,,,,0.4549,,0.0708,0.3309,,,,,0.5639,0.2414,0.625,,,,0.4739,,0.0749,0.3279,,,,,0.56,0.2414,0.625,,,,0.463,,0.0722,,block of flats,0.481,Panel,No,0.0,0.0,0.0,0.0,-242.0,0,1,0,0,0,0,0,0,0,0,0,0,0,0,0,0,0,0,0,0,0.0,0.0,0.0,1.0,0.0,0.0,,,,,10.0,3.0,-2390.0,0.0,4505386.5,966264.525,0.0,,,,,76943.25,,22.0,0.0
119,100139,0,Cash loans,F,N,N,1,157500.0,302341.5,24016.5,261000.0,Family,Working,Secondary / secondary special,Married,House / apartment,0.010276,-13286,-2305,-6685.0,-4955,,1,1,0,1,0,1,,3.0,2,2,WEDNESDAY,10,0,0,0,1,1,0,Business Entity Type 3,0.5677754906901958,0.6014083651352106,0.0963186927645401,0.0897,0.1127,0.9866,0.8164,0.028,0.0,0.2069,0.1667,0.2083,0.0406,0.0731,0.0898,0.0,0.0,0.0914,0.117,0.9866,0.8236,0.0283,0.0,0.2069,0.1667,0.2083,0.0416,0.0799,0.0936,0.0,0.0,0.0906,0.1127,0.9866,0.8189,0.0282,0.0,0.2069,0.1667,0.2083,0.0413,0.0744,0.0915,0.0,0.0,reg oper spec account,block of flats,0.086,Panel,No,6.0,0.0,6.0,0.0,-1868.0,0,1,0,0,0,0,0,0,0,0,0,0,0,0,0,0,0,0,0,0,0.0,0.0,1.0,0.0,0.0,3.0,0.0,20.0,10.0,0.0,1.0,1.0,-1252.0,0.0,379255.5,334089.0,0.0,296988.795,270000.0,0.0,1.0,62860.09090909091,,3.759424603174603,314.5045089285715
120,100140,0,Revolving loans,F,N,N,0,157500.0,675000.0,33750.0,675000.0,Unaccompanied,Commercial associate,Higher education,Married,House / apartment,0.030755,-9223,-802,-4067.0,-505,,1,1,0,1,0,0,High skill tech staff,2.0,2,2,FRIDAY,9,0,0,0,1,1,0,Business Entity Type 3,0.3703423626276125,0.7158609528990171,,0.0515,0.0557,0.9851,0.7959999999999999,0.027,0.0,0.1379,0.1667,0.0417,0.0518,0.042,0.0618,0.1931,0.0,0.0525,0.0578,0.9851,0.804,0.0272,0.0,0.1379,0.1667,0.0417,0.0529,0.0459,0.0643,0.1946,0.0,0.052,0.0557,0.9851,0.7987,0.0271,0.0,0.1379,0.1667,0.0417,0.0527,0.0428,0.0629,0.1941,0.0,reg oper account,block of flats,0.0633,"Stone, brick",No,0.0,0.0,0.0,0.0,-120.0,0,0,0,0,0,0,0,0,0,0,0,0,0,0,0,0,0,0,0,0,,,,,,,,,,,,,,,,,,,,,,,,,
121,100142,0,Cash loans,M,Y,Y,1,360000.0,579195.0,27994.5,468000.0,"Spouse, partner",State servant,Higher education,Civil marriage,House / apartment,0.018801,-13379,-5387,-6869.0,-4540,7.0,1,1,0,1,0,0,High skill tech staff,3.0,2,2,FRIDAY,11,0,0,0,0,1,1,Transport: type 2,,0.0648582778736916,0.3092753558842053,0.0918,0.0,0.9836,,,0.0,0.2069,0.1667,,0.0,,0.0788,,0.0308,0.0935,0.0,0.9836,,,0.0,0.2069,0.1667,,0.0,,0.0821,,0.0326,0.0926,0.0,0.9836,,,0.0,0.2069,0.1667,,0.0,,0.0802,,0.0314,,block of flats,0.0686,Panel,No,2.0,0.0,1.0,0.0,-1759.0,0,1,0,0,0,0,0,0,0,0,0,0,0,0,0,0,0,0,0,0,0.0,0.0,0.0,0.0,0.0,0.0,,,,,5.0,7.0,-2454.0,1.0,7830621.0,931554.0,0.0,,,,,295417.5,,21.532051282051285,2720.5096153846152
122,100143,0,Revolving loans,M,N,Y,0,162000.0,270000.0,13500.0,270000.0,Unaccompanied,State servant,Higher education,Married,House / apartment,0.035792,-22881,-3420,-1481.0,-4802,,1,1,0,1,0,0,Core staff,2.0,2,2,TUESDAY,10,0,0,0,0,0,0,Government,0.6594043693464781,0.6781247611812603,0.6832688314232291,0.1732,0.0785,0.994,,,0.24,0.1034,0.4583,,0.2983,,0.1974,,0.0266,0.1765,0.0815,0.994,,,0.2417,0.1034,0.4583,,0.3051,,0.2056,,0.0281,0.1749,0.0785,0.994,,,0.24,0.1034,0.4583,,0.3035,,0.2009,,0.0271,,block of flats,0.161,Block,No,0.0,0.0,0.0,0.0,-1499.0,0,0,0,0,0,0,0,0,0,0,0,0,0,0,0,0,0,0,0,0,0.0,0.0,0.0,0.0,0.0,4.0,,,,,3.0,9.0,-2630.0,0.0,1625582.655,161707.5,0.0,,,,,236970.0,,18.00595238095238,-10302.29625
123,100144,0,Cash loans,F,N,N,0,112500.0,535500.0,30028.5,535500.0,Unaccompanied,Working,Secondary / secondary special,Separated,House / apartment,0.028663,-16759,-4560,-3079.0,-296,,1,1,0,1,0,0,Sales staff,1.0,2,2,THURSDAY,17,0,0,0,0,0,0,Self-employed,,0.6116366959675879,,0.0845,0.0651,0.9757,0.6668,0.0506,0.0,0.1379,0.1667,0.2083,0.0421,0.0605,0.0641,0.0386,0.0241,0.0861,0.0675,0.9757,0.6798,0.051,0.0,0.1379,0.1667,0.2083,0.043,0.0661,0.0668,0.0389,0.0255,0.0854,0.0651,0.9757,0.6713,0.0509,0.0,0.1379,0.1667,0.2083,0.0428,0.0616,0.0652,0.0388,0.0246,reg oper account,block of flats,0.0833,Panel,No,9.0,2.0,9.0,0.0,-1282.0,0,1,0,0,0,0,0,0,0,0,0,0,0,0,0,0,0,0,0,0,,,,,,,0.0,18.0,16.0,0.0,,,,,,,,0.0,45000.0,0.0,0.0,42136.36363636364,,11.133991228070174,-211.5686842105263
124,100145,0,Cash loans,F,Y,Y,1,202500.0,260725.5,16789.5,198000.0,Family,Working,Secondary / secondary special,Separated,House / apartment,0.01885,-16282,-4375,-762.0,-1494,8.0,1,1,0,1,0,0,Laborers,2.0,2,2,TUESDAY,11,0,0,0,0,0,0,Self-employed,0.6470448716896019,0.7464864055627681,0.7394117535524816,0.0928,0.1,0.9801,0.728,0.0463,0.0,0.2069,0.1667,0.2083,0.0437,0.0756,0.0903,0.0,0.0,0.0945,0.1038,0.9801,0.7387,0.0467,0.0,0.2069,0.1667,0.2083,0.0447,0.0826,0.0941,0.0,0.0,0.0937,0.1,0.9801,0.7316,0.0466,0.0,0.2069,0.1667,0.2083,0.0445,0.077,0.0919,0.0,0.0,reg oper spec account,block of flats,0.071,Panel,No,6.0,0.0,6.0,0.0,-1782.0,0,1,0,0,0,0,0,0,0,0,0,0,0,0,0,0,0,0,0,0,0.0,0.0,0.0,0.0,0.0,3.0,0.0,48.0,22.0,0.0,3.0,4.0,-2857.0,0.0,3830184.0,2915271.0,0.0,0.0,0.0,0.0,0.0,232737.9,,11.363941798941799,0.0
